permission_risk,usage_risk,orphan_risk,temporal_risk,admin_access,full_access_policies,policy_count,unused_permissions_pct,api_calls_7d,services_used,inactive_days,unusual_hour_access,new_source_ip,failed_auth_attempts,sensitive_actions,cross_service_access,identity_type,risk_score
78,69,62,86,0,0,4,22,34,5,23,0,0,2,2,8,AWS Service Identity,79.85
67,53,83,8,0,0,3,95,38,11,158,1,0,1,1,10,IAM User,97.63
93,100,64,75,0,1,6,42,17,2,73,0,0,3,0,8,AWS Service Identity,85.93
97,77,60,51,0,0,8,89,33,5,8,0,1,1,1,5,IAM Role,85.31
71,1,47,76,0,1,8,81,30,15,179,0,0,1,1,6,IAM User,83.67
37,38,24,45,0,3,4,34,29,2,140,0,0,0,1,3,Unknown,61.97
60,29,28,15,0,1,7,95,19,15,147,0,0,0,0,5,AWS Service Identity,74.23
42,59,75,75,0,1,6,78,28,8,26,0,0,1,3,4,AWS Service Identity,71.86
63,26,7,63,0,0,1,12,21,11,135,0,0,2,1,1,IAM User,63.56
82,97,8,46,0,0,7,9,37,5,126,0,0,0,3,9,IAM User,74.53
37,30,40,37,0,5,3,12,30,5,163,0,0,0,2,1,IAM User,69.41
51,52,78,34,0,3,5,74,30,6,67,0,0,3,3,2,AWS Service Identity,76.28
4,12,66,48,0,0,6,14,25,2,167,0,0,0,2,2,IAM Role,48.55
74,91,59,26,0,1,8,28,17,5,128,1,0,0,1,2,AWS Service Identity,72.99
49,92,53,28,0,0,8,43,27,14,45,0,0,1,1,5,IAM User,69.68
46,80,11,28,0,0,7,13,27,0,38,0,0,1,1,10,IAM User,50.03
53,35,33,1,0,0,4,33,40,9,163,0,1,2,3,3,IAM Role,72.74
21,5,8,93,0,0,3,68,30,11,116,0,0,1,1,8,IAM User,65.84
60,71,76,23,0,3,3,98,22,2,21,0,0,2,1,8,AWS Service Identity,75.56
75,43,75,16,0,0,8,47,23,1,22,0,0,3,4,8,IAM Role,72.33
35,100,26,15,0,0,1,75,22,8,149,0,0,1,1,6,AWS Service Identity,63.62
13,70,29,99,0,0,4,53,31,3,30,0,0,1,0,8,IAM User,56.38
39,54,32,48,0,0,6,47,24,15,39,0,0,2,4,8,Unknown,80.49
20,99,89,33,0,2,0,52,26,3,111,0,0,3,0,7,AWS Service Identity,76.7
37,80,49,40,0,0,5,96,22,2,156,1,0,1,1,6,AWS Service Identity,68.17
63,46,76,8,0,0,2,6,21,5,60,0,0,1,3,1,IAM User,60.88
11,1,45,31,0,0,2,51,18,5,120,0,0,1,5,5,IAM User,64.19
75,9,70,25,0,0,5,5,22,2,127,0,0,0,2,8,IAM User,65.12
22,44,53,81,0,1,0,88,36,10,108,0,0,4,1,3,IAM User,77.46
90,56,28,5,0,1,1,60,23,5,124,0,0,1,0,2,IAM Role,65.65
73,3,88,42,0,0,4,4,18,8,41,0,0,1,0,6,IAM Role,61.33
27,12,71,79,0,0,5,63,31,3,112,0,0,2,4,1,Unknown,66.25
56,71,77,84,0,0,0,44,20,1,0,0,0,1,2,7,IAM User,78.22
11,75,95,51,0,0,3,4,28,0,132,0,0,4,2,10,IAM User,76.82
10,3,25,22,0,1,2,98,13,0,143,0,0,2,1,5,IAM User,46.22
96,51,9,34,0,2,4,38,30,13,143,0,0,1,2,0,IAM User,82.81
81,8,58,22,0,0,2,2,19,4,5,0,0,1,2,2,IAM User,48.24
15,73,32,66,0,0,0,61,34,4,164,0,0,1,3,0,IAM User,65.66
28,84,44,29,0,0,4,37,15,9,78,0,0,1,0,5,IAM User,59.3
19,87,23,63,0,1,7,66,28,1,14,0,0,1,1,3,IAM Role,53.43
39,60,40,66,0,0,5,16,32,9,96,0,0,1,1,8,IAM User,64.48
29,63,39,94,0,0,3,83,22,8,103,0,0,1,4,9,AWS Service Identity,75.38
33,93,35,37,1,0,4,42,22,12,72,0,0,2,1,4,IAM Role,76.18
53,61,74,97,0,1,1,42,30,1,135,0,1,2,1,10,IAM User,91.07
19,45,59,40,0,0,2,81,29,0,98,0,0,1,0,4,AWS Service Identity,36.76
89,76,47,68,0,0,3,55,26,12,39,0,0,2,1,1,AWS Service Identity,74.46
73,59,11,66,1,1,5,0,26,5,112,0,0,4,3,9,IAM User,99.3
76,85,57,82,0,1,4,58,19,0,47,0,0,2,0,4,IAM User,81.16
17,52,17,47,0,0,8,65,22,8,21,1,0,1,0,9,IAM Role,51.97
71,87,31,80,0,1,5,31,20,7,48,0,0,0,0,8,IAM User,76.97
84,4,41,35,0,0,0,18,28,15,163,0,0,3,1,10,IAM User,84.82
17,3,14,49,0,1,4,5,29,15,103,0,0,1,2,7,IAM User,50.42
75,10,39,50,0,0,5,85,27,8,57,1,1,1,2,6,AWS Service Identity,70.52
36,56,26,71,0,1,0,0,27,2,66,0,0,1,2,2,IAM Role,56.0
79,71,85,62,0,0,3,58,14,11,155,0,1,0,0,3,IAM Role,96.23
48,21,86,7,0,0,7,84,17,3,120,0,0,0,4,3,AWS Service Identity,57.74
81,15,0,81,0,1,3,35,23,13,140,0,0,1,2,3,IAM User,83.74
14,86,60,76,0,0,4,20,18,9,110,0,0,2,0,6,IAM Role,64.1
39,75,64,10,0,1,1,72,25,5,179,0,0,3,1,9,IAM User,68.14
27,65,38,97,0,1,0,63,34,15,118,0,1,2,1,0,IAM User,86.57
25,49,47,66,1,0,2,1,28,8,72,1,0,1,1,6,IAM Role,70.57
31,42,79,8,0,1,6,58,30,6,45,1,0,1,1,8,IAM User,69.78
38,2,38,49,0,0,8,0,29,3,8,1,0,3,1,4,IAM Role,48.34
12,18,6,84,0,1,5,40,25,10,138,0,0,1,4,3,AWS Service Identity,59.71
71,90,37,28,0,2,7,30,26,4,168,0,1,3,1,4,IAM Role,86.54
55,34,25,94,0,2,5,84,20,2,120,0,0,1,0,9,IAM Role,76.04
83,71,38,42,0,0,5,98,23,1,88,0,0,2,0,10,IAM Role,74.16
71,71,23,22,0,1,3,70,24,10,23,0,0,2,1,7,IAM User,70.95
15,31,15,36,0,0,0,74,26,14,116,0,0,1,0,5,IAM User,47.75
7,20,99,53,0,0,3,2,26,4,36,1,0,2,4,7,IAM User,57.97
42,69,13,69,0,1,7,6,28,3,112,0,0,1,1,7,IAM User,64.96
48,9,71,93,0,1,4,78,28,9,54,0,0,0,1,8,IAM User,66.87
24,49,72,19,0,0,6,43,28,2,156,0,0,1,1,1,AWS Service Identity,42.11
79,89,62,96,0,1,0,51,28,1,169,0,0,0,1,0,IAM User,85.98
58,71,92,53,0,0,1,69,16,10,42,0,0,2,0,3,IAM User,74.91
75,77,0,12,0,0,2,35,23,8,59,0,0,1,0,2,IAM User,54.19
11,8,30,93,0,1,3,68,29,0,166,0,0,2,0,6,IAM User,50.76
82,20,18,35,0,0,8,73,21,3,3,0,1,0,2,5,IAM Role,63.98
20,27,58,62,0,0,4,24,21,3,93,1,0,2,0,10,IAM Role,54.91
45,29,64,70,0,0,5,69,20,10,25,0,0,2,3,8,AWS Service Identity,65.75
44,19,90,1,0,0,5,17,23,10,78,0,0,2,1,1,IAM Role,47.97
82,98,38,22,0,1,3,31,22,11,5,0,1,2,3,9,IAM User,93.96
27,16,23,69,0,0,8,78,30,1,25,0,1,0,1,8,AWS Service Identity,49.88
24,71,93,32,1,1,2,99,23,13,72,0,0,1,1,4,IAM User,82.01
34,59,67,0,0,0,0,6,34,3,10,0,0,1,1,0,IAM User,38.77
36,61,77,2,0,0,6,65,22,15,144,0,0,3,2,8,IAM User,81.82
18,21,44,83,0,0,5,57,22,13,104,0,0,0,1,2,IAM Role,52.87
17,31,45,15,1,1,2,61,24,7,81,0,1,1,1,2,IAM User,63.84
23,61,39,10,0,0,7,79,33,12,85,0,1,3,0,5,IAM User,63.6
47,30,75,56,0,0,1,7,39,10,151,0,1,2,0,0,IAM Role,71.18
34,70,21,12,0,0,2,74,21,12,153,0,0,2,1,4,IAM User,68.49
39,3,98,65,0,0,1,28,24,0,8,0,0,0,0,2,IAM Role,41.12
72,7,17,54,0,0,1,15,22,1,124,1,1,0,1,0,IAM User,51.29
24,73,46,65,0,1,6,45,20,14,85,0,0,2,4,9,IAM User,84.01
91,62,31,49,0,2,6,2,31,12,141,0,0,0,1,2,IAM User,77.53
75,4,64,78,1,3,5,63,23,9,142,1,0,4,1,5,IAM Role,100.0
17,90,68,65,0,0,7,57,24,4,128,1,0,0,1,8,IAM User,75.63
31,0,92,41,0,0,0,51,31,6,122,0,0,1,2,5,IAM User,60.73
18,96,79,1,0,0,5,3,37,6,38,0,0,2,0,3,IAM User,46.28
27,73,25,27,0,0,1,77,20,6,154,1,0,1,1,8,Unknown,82.83
36,99,20,13,0,0,8,3,32,10,126,0,0,2,0,7,AWS Service Identity,56.59
13,95,89,1,1,0,5,26,18,12,49,0,0,0,2,0,IAM Role,70.73
1,31,49,27,1,0,6,39,23,6,42,0,0,4,4,9,IAM User,63.64
44,76,9,20,0,2,5,70,27,13,90,1,0,2,2,1,Unknown,85.44
70,21,83,7,0,0,3,41,24,1,62,0,0,2,0,8,AWS Service Identity,55.31
30,47,65,31,0,2,6,82,26,12,122,0,0,1,0,1,IAM Role,70.78
86,24,2,51,0,1,7,94,26,10,73,0,0,0,4,0,IAM User,76.82
37,49,79,17,0,0,1,77,27,8,30,0,0,1,2,1,IAM User,62.96
90,88,61,27,0,2,7,3,18,6,71,0,0,0,1,8,IAM User,76.27
23,44,62,2,1,0,6,77,18,5,147,0,0,2,0,4,AWS Service Identity,62.01
54,9,87,5,0,0,0,20,25,5,150,0,0,1,0,6,IAM User,61.74
77,32,50,15,0,0,8,89,31,15,56,1,0,1,1,3,IAM User,75.28
5,79,46,45,0,2,1,98,24,0,144,0,0,0,0,1,IAM User,67.92
93,52,62,67,0,0,5,8,25,10,16,0,0,6,3,8,IAM Role,94.33
36,56,19,79,0,0,1,9,26,15,178,0,0,2,5,9,IAM User,90.72
50,43,15,63,0,0,1,70,20,8,138,0,0,1,2,9,AWS Service Identity,66.82
63,29,85,62,0,1,5,14,32,10,7,1,0,2,0,0,AWS Service Identity,60.34
64,60,21,94,0,1,6,97,31,9,127,0,0,1,1,10,IAM Role,92.13
2,63,50,25,0,2,6,54,34,8,89,0,0,2,1,5,IAM User,68.84
87,90,27,80,0,1,3,57,34,10,159,0,0,3,1,2,IAM Role,85.33
62,62,23,94,0,1,7,86,28,14,43,0,0,2,3,2,IAM Role,87.34
100,100,60,57,1,0,0,21,42,11,161,0,0,1,2,5,IAM Role,100.0
47,83,81,84,0,0,7,56,36,13,157,0,1,2,0,6,IAM User,89.59
61,7,44,13,0,0,2,100,31,8,50,0,0,2,2,0,IAM User,58.37
44,39,14,88,0,0,5,2,26,12,78,1,0,1,0,5,IAM User,69.33
89,38,24,56,0,1,8,17,30,14,116,0,0,1,6,2,IAM User,86.08
84,0,16,22,0,0,2,14,25,3,43,0,0,2,1,10,IAM User,50.43
91,18,89,6,0,2,3,33,29,13,180,0,1,2,2,6,IAM User,100.0
50,76,32,72,0,1,7,13,28,10,34,1,1,0,2,4,IAM User,76.71
79,35,37,43,0,0,7,17,27,7,44,0,0,3,1,4,IAM Role,66.7
36,14,7,31,0,1,2,86,28,12,90,0,0,2,5,9,IAM User,66.55
46,29,45,39,0,0,4,46,26,2,85,0,1,3,1,7,AWS Service Identity,61.73
76,27,92,100,0,0,2,36,28,11,9,0,0,2,2,4,IAM Role,80.92
8,17,41,43,0,1,4,42,20,9,164,0,0,2,1,9,IAM User,68.12
71,10,65,7,0,1,3,98,24,14,43,0,0,2,1,6,IAM Role,77.46
1,77,18,28,0,1,0,49,21,9,18,0,1,2,1,0,IAM User,47.85
58,83,14,14,0,0,8,47,29,8,93,0,0,1,1,6,Unknown,73.49
48,50,73,69,0,1,5,93,21,8,168,0,0,1,1,10,IAM User,85.95
47,62,6,80,0,0,4,3,27,8,0,0,1,1,5,9,AWS Service Identity,61.66
49,92,45,84,0,0,0,48,30,14,88,0,0,0,1,0,IAM User,73.37
49,85,31,63,0,0,0,75,22,12,164,0,1,1,3,9,IAM User,96.84
41,3,1,77,0,0,4,51,26,1,161,1,0,0,2,10,IAM User,71.91
45,96,53,42,0,1,5,87,20,8,30,0,0,2,2,1,AWS Service Identity,75.9
57,6,97,63,0,1,2,89,34,4,112,0,0,2,2,7,IAM Role,79.37
77,2,6,10,0,0,6,33,26,2,151,0,0,2,1,8,IAM User,58.53
55,40,82,54,1,0,3,82,24,13,121,0,0,1,2,0,IAM User,89.02
64,75,54,56,1,0,0,24,23,13,118,0,0,4,0,9,IAM User,96.49
84,8,73,3,0,0,4,24,19,15,139,1,0,0,1,4,IAM Role,72.72
99,29,9,55,0,1,1,98,26,6,82,0,0,2,1,3,IAM User,76.24
10,26,87,73,0,1,0,1,20,6,12,0,0,2,2,2,IAM User,54.6
72,40,1,37,0,0,1,35,28,12,115,0,0,4,2,5,AWS Service Identity,66.59
22,99,91,55,0,0,2,63,21,3,113,0,0,2,3,8,AWS Service Identity,75.2
19,33,66,28,0,0,4,41,25,0,154,0,0,2,2,9,IAM User,60.92
80,21,34,27,0,2,8,85,17,6,167,0,0,3,2,2,IAM Role,77.82
6,12,0,13,0,1,1,25,28,10,61,0,0,3,1,9,IAM User,41.21
85,20,61,33,0,0,0,55,20,7,173,1,0,2,1,9,IAM Role,88.44
77,13,8,81,0,1,1,12,21,3,1,0,0,2,3,0,IAM User,58.9
100,57,61,94,0,0,2,21,25,8,175,0,0,2,2,3,IAM Role,100.0
67,42,78,64,0,3,1,17,30,15,24,1,0,1,2,0,IAM Role,87.81
88,50,26,63,0,1,2,74,27,4,116,0,0,2,2,10,AWS Service Identity,81.66
11,84,24,61,0,0,8,20,27,6,123,0,0,0,1,5,IAM User,54.91
89,58,22,48,1,0,3,67,25,5,114,0,0,0,3,2,AWS Service Identity,76.12
16,15,22,42,0,3,5,34,24,4,179,1,0,0,2,9,IAM User,74.26
31,38,11,62,0,0,6,57,27,10,99,0,0,0,0,7,IAM User,56.98
12,31,25,79,0,0,1,88,17,5,23,0,0,1,0,10,IAM Role,45.43
40,83,66,41,0,1,2,87,21,9,109,0,0,1,2,8,IAM User,81.76
75,31,30,57,0,0,3,1,32,0,52,0,0,0,5,10,AWS Service Identity,62.04
27,13,78,47,0,1,4,79,20,10,110,0,0,0,4,2,AWS Service Identity,68.33
83,74,82,28,0,1,0,96,29,1,68,0,0,0,1,2,IAM User,70.49
61,43,76,29,0,1,5,67,19,6,7,1,0,1,1,0,Unknown,74.49
63,9,54,7,0,0,2,18,27,13,115,0,0,2,0,3,IAM User,60.25
94,69,31,44,0,0,2,67,28,5,16,0,0,0,1,6,IAM Role,66.05
43,21,93,71,0,0,5,64,31,11,59,0,0,2,3,6,IAM User,76.03
34,87,20,69,0,1,8,66,20,5,112,0,0,5,1,7,AWS Service Identity,71.49
100,84,46,99,0,0,7,43,21,14,159,0,0,2,1,8,IAM User,100.0
56,37,45,4,0,1,8,53,26,15,56,0,0,1,1,8,IAM User,73.67
62,56,75,76,0,1,3,65,31,14,54,0,0,3,1,5,IAM User,93.8
29,57,55,80,0,0,1,46,15,6,54,1,0,1,1,3,Unknown,68.45
21,65,80,44,0,1,1,78,24,5,104,0,1,2,1,4,AWS Service Identity,70.37
17,6,92,28,0,0,3,71,27,9,35,0,0,1,1,9,IAM Role,46.64
22,32,39,36,1,0,2,30,27,13,95,1,0,0,3,8,AWS Service Identity,69.47
19,17,88,68,0,1,1,61,27,8,144,0,0,1,1,10,AWS Service Identity,74.47
75,70,17,87,0,1,1,76,24,11,14,1,0,2,2,5,IAM Role,92.09
5,6,92,64,0,0,1,49,24,14,174,0,0,6,0,8,IAM User,70.4
63,52,17,51,1,5,5,72,32,12,96,0,0,0,1,4,AWS Service Identity,86.72
95,73,85,65,0,2,4,12,28,5,113,0,0,1,1,0,IAM Role,87.4
77,95,39,7,0,0,0,39,29,3,111,0,0,2,0,8,IAM User,65.49
40,29,97,61,0,1,5,70,14,6,171,1,1,1,2,0,IAM User,87.88
5,0,13,4,0,1,7,90,27,9,120,0,0,0,1,6,IAM Role,46.37
84,73,47,96,0,0,3,65,29,13,159,1,0,3,2,10,IAM User,100.0
0,0,91,89,0,1,2,67,17,4,51,0,1,3,3,0,AWS Service Identity,60.35
68,6,4,51,0,2,2,34,29,2,39,0,0,1,0,8,IAM User,52.4
67,100,26,37,0,1,3,70,29,5,116,0,0,1,4,9,IAM User,94.24
19,87,8,73,0,2,2,35,24,9,27,1,0,2,4,6,AWS Service Identity,73.9
74,71,32,64,0,1,8,5,19,3,20,0,0,1,2,7,IAM User,67.65
17,84,39,71,0,1,8,24,27,6,38,0,0,4,1,9,IAM User,65.24
22,7,62,52,0,0,3,61,29,4,49,1,0,1,0,8,IAM Role,55.87
82,8,26,23,0,1,8,97,25,15,17,0,0,1,2,0,AWS Service Identity,66.1
98,30,16,7,0,0,7,50,24,8,131,0,0,1,4,8,IAM User,73.7
26,2,17,28,0,1,0,86,27,11,105,1,0,4,3,8,IAM User,70.95
93,89,94,53,1,1,4,78,25,8,36,1,0,2,1,2,AWS Service Identity,95.16
92,5,96,42,0,1,5,56,15,0,51,0,0,0,1,7,Unknown,84.83
77,54,22,51,0,0,3,81,28,4,168,0,0,2,1,9,IAM Role,71.91
14,86,19,28,0,0,4,40,23,13,165,0,0,1,2,9,IAM User,75.81
30,74,5,94,0,0,4,44,29,8,22,0,1,2,3,9,IAM User,72.78
68,23,96,37,0,1,6,74,25,11,111,0,0,2,0,8,IAM User,84.71
100,47,71,85,0,0,2,64,29,12,58,0,0,1,0,1,IAM User,82.11
82,55,76,39,0,1,5,53,31,8,65,0,0,3,3,5,IAM Role,86.54
42,77,29,44,0,0,2,43,23,9,108,0,0,0,3,2,IAM User,63.28
23,43,64,60,0,0,8,98,25,3,178,1,0,2,2,0,IAM Role,75.51
96,28,6,26,0,0,0,6,34,3,105,0,0,3,2,2,IAM Role,63.54
27,80,68,22,0,4,0,5,16,2,172,0,0,0,1,10,IAM Role,75.72
34,89,58,38,0,0,0,48,31,4,148,1,0,3,1,6,IAM User,81.54
97,49,33,81,1,2,3,3,25,10,140,1,0,0,4,8,AWS Service Identity,100.0
56,2,71,14,0,0,5,34,20,14,143,0,1,0,1,5,IAM Role,68.42
26,50,65,44,0,2,8,57,24,7,143,1,1,0,1,3,IAM Role,85.01
0,89,44,67,0,1,4,40,31,9,46,0,0,4,4,5,IAM User,70.62
43,99,18,71,0,0,1,20,35,13,176,0,0,2,1,10,IAM User,90.14
99,40,2,43,0,1,3,28,25,10,166,0,0,3,1,3,AWS Service Identity,77.35
43,15,94,8,0,1,1,61,23,4,108,0,0,3,1,3,IAM User,63.66
70,57,28,1,0,0,4,96,28,4,128,0,0,0,2,9,IAM User,72.11
25,83,30,47,0,0,6,78,24,10,159,0,0,1,1,4,IAM User,71.66
78,95,68,81,0,1,0,55,17,4,27,1,0,0,2,9,IAM Role,86.91
78,5,25,2,0,0,6,13,24,3,11,0,0,1,2,10,Unknown,54.65
61,29,37,89,0,1,2,24,24,9,180,0,1,2,1,0,IAM User,77.8
77,48,71,68,0,0,6,44,28,10,100,0,0,2,3,7,AWS Service Identity,82.83
58,9,60,0,0,0,7,24,41,4,130,0,0,0,3,1,IAM User,59.39
38,89,66,34,0,1,6,69,26,0,90,1,0,1,1,9,IAM Role,78.43
74,11,0,22,0,1,6,36,30,12,93,0,0,2,1,1,IAM Role,51.84
84,67,45,95,0,2,6,84,24,6,6,0,0,0,2,9,IAM User,89.92
84,92,48,56,0,0,1,27,24,10,52,0,0,2,0,8,IAM User,82.61
21,69,63,32,1,0,1,50,25,2,15,0,0,1,4,5,IAM User,67.13
68,77,15,28,0,1,3,72,30,5,78,0,0,1,2,2,Unknown,73.1
0,26,16,56,0,0,5,20,18,9,3,0,0,1,1,2,IAM Role,28.01
57,83,77,0,1,2,5,76,34,1,145,1,0,2,2,4,AWS Service Identity,88.86
57,42,68,25,0,1,6,59,29,5,53,0,0,4,1,9,AWS Service Identity,71.9
36,6,81,16,0,1,2,65,20,11,134,0,0,1,3,9,IAM User,76.41
100,37,27,62,0,0,7,45,19,12,9,0,0,2,1,5,AWS Service Identity,65.04
89,35,100,67,0,1,4,94,23,5,6,0,0,1,0,2,IAM User,84.99
3,52,27,47,0,0,2,77,29,1,76,0,0,1,2,6,IAM User,49.95
21,26,65,14,0,1,6,19,24,0,142,0,0,1,0,9,AWS Service Identity,50.11
21,46,16,37,0,0,1,56,26,8,147,0,0,0,0,5,AWS Service Identity,46.13
90,43,92,85,0,1,3,91,28,11,98,0,1,1,1,9,IAM User,100.0
52,33,33,20,0,1,7,28,27,9,111,1,1,1,1,0,IAM Role,68.09
73,70,81,16,0,1,6,54,27,6,124,0,0,6,1,5,IAM Role,87.68
81,30,33,11,0,0,2,76,32,0,121,0,0,1,2,0,AWS Service Identity,49.28
77,77,79,82,0,0,1,27,22,3,134,0,0,2,1,6,IAM Role,89.49
8,25,45,12,0,0,0,52,22,0,5,0,1,0,1,6,IAM User,40.77
14,87,6,58,0,1,0,55,30,7,77,0,0,0,1,3,IAM User,61.57
39,36,19,100,0,2,7,17,21,4,151,1,0,0,3,8,IAM User,82.63
34,4,69,64,0,1,7,17,24,1,79,0,0,1,4,10,IAM Role,64.69
75,15,19,41,0,0,4,56,19,9,26,0,0,2,1,5,AWS Service Identity,53.79
15,81,27,20,0,1,5,18,21,5,120,0,0,5,2,4,IAM User,72.45
37,88,54,0,0,2,2,95,29,15,54,0,0,3,3,2,IAM User,78.96
23,21,25,15,1,0,1,52,25,6,92,0,0,2,1,0,IAM User,44.48
19,60,13,96,0,0,0,71,29,1,93,1,0,3,4,4,IAM Role,68.19
17,58,63,14,0,2,6,40,27,11,126,0,0,2,0,4,AWS Service Identity,60.53
19,13,69,2,1,1,0,30,17,11,168,0,0,3,3,8,IAM User,82.21
57,45,74,82,0,1,0,49,30,14,125,1,0,2,1,9,IAM User,93.3
41,70,95,42,1,0,7,71,26,11,180,0,0,1,1,1,IAM Role,83.47
43,97,12,36,0,0,5,40,29,5,3,0,1,1,1,1,IAM User,56.36
48,85,43,72,0,0,4,28,24,10,141,1,1,2,1,6,AWS Service Identity,90.55
74,9,23,52,1,0,1,14,31,12,75,0,0,1,2,4,IAM User,73.41
87,23,91,92,0,0,1,54,25,8,132,0,1,1,2,7,IAM User,100.0
53,44,54,47,0,0,4,68,32,12,15,0,0,3,0,3,AWS Service Identity,61.4
64,15,9,72,0,0,3,53,25,15,95,1,0,1,2,4,IAM User,73.93
74,57,69,88,0,0,4,25,21,12,5,0,0,3,1,4,IAM User,82.36
69,0,4,46,0,2,1,24,18,8,120,0,0,2,4,6,IAM User,67.92
13,11,27,28,0,1,2,38,27,7,39,0,0,2,2,0,IAM User,35.15
99,4,72,98,0,1,1,35,24,13,26,1,1,3,0,9,IAM User,100.0
16,29,51,22,0,0,3,20,28,13,14,0,0,0,0,3,IAM User,42.38
41,76,76,3,0,3,2,95,26,4,48,0,0,1,2,2,IAM User,77.54
65,17,57,58,0,0,2,33,28,0,173,1,0,0,0,7,IAM User,67.24
40,99,85,99,0,1,4,25,24,12,178,0,0,1,4,1,IAM Role,100.0
24,27,56,8,0,2,4,61,20,3,14,0,0,2,0,6,IAM Role,51.53
93,4,5,85,0,0,1,80,22,15,177,0,0,1,1,0,IAM User,79.17
7,33,7,83,0,0,6,46,29,0,106,0,0,0,1,2,IAM User,43.35
24,75,78,93,0,0,3,67,26,14,58,0,1,2,2,7,IAM Role,88.53
100,10,3,42,0,2,3,9,21,10,170,0,0,2,2,4,AWS Service Identity,71.98
73,7,38,25,0,1,4,53,27,4,43,0,0,2,1,9,AWS Service Identity,57.17
8,85,1,51,0,1,1,6,32,0,32,0,1,0,1,3,IAM User,47.19
76,59,30,14,1,2,3,13,24,13,41,0,0,2,3,7,IAM User,84.43
97,34,60,85,1,1,5,59,23,1,26,0,0,2,2,0,IAM User,76.74
9,76,17,66,0,0,1,20,23,1,87,1,0,5,0,10,IAM User,65.06
41,85,47,48,1,3,5,3,30,12,25,0,0,1,1,6,IAM Role,85.13
47,36,100,52,0,2,0,18,30,10,40,0,0,2,2,7,IAM User,85.06
13,56,7,71,0,0,5,78,25,2,67,0,0,1,1,3,IAM User,51.18
20,1,6,52,0,0,0,59,31,5,117,0,0,0,0,3,IAM User,44.44
17,30,27,84,0,1,1,38,19,10,155,0,1,0,1,4,IAM Role,71.55
18,60,83,93,0,0,3,98,21,10,13,0,1,1,4,2,IAM User,79.44
40,19,40,95,0,0,5,38,20,5,114,1,0,3,2,0,AWS Service Identity,55.08
46,100,64,62,0,1,6,88,24,6,18,0,1,0,0,7,IAM User,85.28
24,98,3,74,0,4,4,34,25,1,179,0,0,2,2,7,AWS Service Identity,77.52
29,26,74,31,1,1,1,2,33,0,50,0,0,2,1,7,IAM User,55.86
19,40,6,3,0,1,3,11,28,15,155,0,0,1,1,6,AWS Service Identity,47.59
80,19,71,40,0,2,7,27,30,3,140,0,1,0,2,5,AWS Service Identity,88.4
21,50,14,88,0,1,0,18,22,14,58,0,1,0,4,10,Unknown,86.97
91,12,86,13,0,0,6,15,24,0,58,0,0,3,4,5,AWS Service Identity,59.53
54,39,29,55,0,0,3,38,30,15,57,0,0,4,1,7,AWS Service Identity,65.02
81,56,18,19,0,0,0,98,22,6,85,0,0,1,1,4,IAM Role,65.02
64,61,34,43,0,2,6,20,26,12,80,0,0,3,1,0,AWS Service Identity,72.01
26,60,0,14,0,2,0,23,22,13,118,0,0,0,2,3,IAM User,61.28
60,22,16,74,0,0,3,100,25,5,84,1,0,1,1,7,IAM Role,66.31
27,80,60,81,0,1,1,20,25,11,142,0,0,2,0,6,IAM Role,79.93
11,69,30,76,0,1,5,83,27,5,84,0,0,0,1,7,AWS Service Identity,58.0
25,76,35,71,0,1,0,62,19,12,55,0,0,3,1,8,IAM User,80.96
27,47,81,23,0,0,0,93,30,15,59,1,0,1,1,2,IAM User,70.49
13,90,12,53,0,1,4,56,40,12,132,0,0,3,3,8,IAM Role,75.2
2,39,39,10,0,0,8,59,26,11,25,0,0,2,0,7,IAM User,48.02
95,81,18,37,0,1,0,22,22,5,51,1,0,0,1,3,IAM User,75.4
51,20,48,51,0,0,4,58,31,1,56,0,0,1,0,5,IAM User,51.36
40,24,33,67,0,0,7,67,21,8,116,0,0,3,2,9,IAM User,75.9
93,53,4,9,0,1,2,99,15,2,23,0,0,1,1,1,IAM User,61.13
22,56,7,82,1,0,4,9,26,8,81,0,1,1,2,3,IAM User,72.2
40,75,86,46,0,0,7,15,22,13,122,0,0,0,0,2,IAM User,73.13
85,30,5,89,0,0,6,1,35,1,167,0,0,0,3,3,IAM User,68.63
63,88,79,53,0,1,2,79,26,14,79,0,0,1,3,2,IAM User,85.37
40,33,92,55,0,0,6,8,28,9,177,0,0,0,3,8,IAM Role,77.87
25,53,47,69,0,1,6,92,16,0,109,1,0,1,2,10,IAM User,79.19
3,94,31,82,0,0,4,36,28,11,140,0,0,2,1,10,AWS Service Identity,71.0
8,54,78,15,0,2,3,29,23,0,43,1,1,0,2,3,AWS Service Identity,43.69
16,68,99,51,0,0,8,98,17,9,165,0,0,0,2,10,IAM User,87.34
79,91,12,3,0,0,7,72,24,8,46,0,0,2,1,0,IAM User,58.8
64,98,97,47,0,0,8,55,27,11,24,1,0,1,2,1,IAM Role,85.74
43,50,95,82,0,1,6,89,25,6,14,0,0,0,2,3,AWS Service Identity,76.64
79,42,14,87,0,2,3,76,24,1,118,0,0,2,1,3,IAM Role,76.47
16,19,5,28,0,1,0,64,13,6,113,0,0,3,0,10,AWS Service Identity,51.53
21,54,72,39,0,0,1,32,28,12,35,0,0,2,1,8,IAM Role,62.21
39,92,7,55,0,1,8,99,16,15,159,0,0,0,4,8,IAM Role,91.23
92,49,60,39,1,1,3,72,28,3,50,1,1,3,4,8,IAM User,100.0
62,35,6,17,0,0,0,95,28,5,110,0,0,3,1,7,IAM Role,60.15
85,10,69,30,0,1,2,97,27,14,94,0,0,1,1,5,IAM User,79.04
25,39,23,40,0,1,0,55,30,5,107,0,0,3,1,0,IAM Role,59.57
85,23,9,52,0,0,4,36,33,3,134,0,0,2,2,0,AWS Service Identity,59.92
7,98,6,92,0,0,5,95,25,13,167,0,0,0,3,10,IAM User,87.83
22,53,19,55,0,1,3,100,24,7,130,0,0,0,1,5,IAM Role,65.11
52,13,54,39,0,1,6,12,21,9,164,0,0,3,5,10,IAM User,88.42
5,6,7,66,0,0,4,64,28,7,157,0,0,2,3,0,IAM Role,45.92
86,85,81,78,0,0,8,60,25,9,64,0,0,0,0,6,IAM User,87.55
87,94,61,43,0,0,6,75,29,4,101,0,0,0,0,3,AWS Service Identity,74.91
54,77,30,49,0,1,0,98,20,11,35,0,0,6,2,4,IAM User,88.31
30,12,99,22,0,1,2,25,21,5,167,0,0,1,2,7,Unknown,86.84
9,9,66,87,0,1,6,98,19,8,175,0,0,3,0,5,AWS Service Identity,70.68
62,19,67,87,0,2,4,64,26,2,160,0,1,2,1,1,IAM Role,81.37
54,75,17,17,0,1,6,8,25,0,134,0,0,2,0,10,AWS Service Identity,54.43
76,77,71,34,0,0,3,51,29,9,153,0,0,1,2,7,AWS Service Identity,79.86
60,84,56,27,0,1,0,13,31,2,143,0,0,1,0,3,AWS Service Identity,60.77
12,9,99,93,0,4,7,96,21,14,41,1,0,2,2,6,IAM User,83.55
12,15,48,6,0,1,7,77,31,15,47,1,0,2,1,1,IAM Role,51.81
78,90,68,20,0,0,5,91,15,5,96,0,0,1,0,4,IAM User,79.13
16,93,34,31,0,0,3,60,21,4,76,1,0,2,0,4,IAM Role,57.92
94,73,4,56,0,0,0,40,24,8,133,0,0,3,1,4,IAM User,79.12
10,10,12,25,0,2,6,43,38,3,133,0,0,3,1,5,IAM Role,43.56
73,6,87,54,0,0,5,95,29,13,176,0,1,3,2,10,IAM Role,100.0
98,5,74,75,0,1,6,15,17,1,142,0,0,0,2,0,IAM User,76.69
44,69,36,83,1,2,1,89,22,7,2,0,0,2,1,6,IAM Role,81.91
5,85,70,10,0,0,6,42,25,3,61,1,0,1,1,10,AWS Service Identity,47.33
88,63,0,14,0,0,6,59,34,13,59,0,0,0,2,9,AWS Service Identity,65.79
18,26,3,9,0,0,7,67,26,2,114,0,0,1,1,9,IAM User,46.55
53,76,51,91,0,0,5,8,38,7,61,0,0,2,0,4,IAM Role,68.48
99,5,63,65,0,0,6,15,27,13,177,0,0,1,0,6,AWS Service Identity,79.81
75,83,94,53,0,0,3,16,27,7,52,0,0,2,1,6,IAM User,84.11
4,90,76,79,0,0,6,78,23,2,79,0,1,0,3,9,IAM User,78.45
82,72,25,59,0,0,6,7,20,2,147,0,0,1,0,10,IAM User,77.72
16,88,82,23,0,1,7,61,23,9,66,0,0,2,2,2,IAM Role,63.86
75,59,49,51,0,1,7,10,30,1,8,0,0,0,0,1,IAM User,51.15
62,47,83,71,0,0,0,77,25,5,60,0,0,1,3,2,AWS Service Identity,73.02
29,32,17,3,0,0,7,98,18,9,65,0,0,2,1,2,IAM Role,48.74
42,93,2,61,0,1,7,41,27,6,110,0,0,0,0,3,IAM User,65.94
11,70,5,50,0,1,4,21,33,13,128,0,0,0,1,10,AWS Service Identity,61.67
99,19,100,7,0,1,4,44,34,11,99,0,0,3,0,2,AWS Service Identity,74.45
24,96,8,26,0,0,6,69,24,2,73,0,0,0,0,4,IAM User,49.26
31,5,94,45,0,1,4,73,30,13,91,0,0,2,0,3,IAM User,70.59
50,59,73,34,0,0,3,64,20,14,26,1,0,0,2,2,IAM User,74.36
67,19,14,29,0,1,7,58,35,3,32,0,1,0,2,2,IAM User,67.48
51,67,87,65,0,0,7,63,26,5,110,0,0,1,6,10,IAM User,89.3
51,41,14,40,0,0,1,21,28,6,156,1,0,1,1,6,AWS Service Identity,74.48
58,44,14,50,0,0,7,20,18,6,94,0,1,1,2,1,IAM User,56.81
86,67,58,80,0,2,2,94,35,7,10,1,0,1,0,7,IAM User,95.61
39,76,29,9,0,0,1,58,24,14,177,0,0,0,1,6,IAM Role,64.03
84,38,29,36,0,1,7,86,23,10,58,1,0,1,1,3,IAM Role,76.61
79,100,19,7,0,0,2,63,21,14,135,0,1,1,2,8,AWS Service Identity,88.96
97,50,61,93,0,2,1,45,20,5,162,1,0,3,1,8,AWS Service Identity,100.0
92,16,2,18,0,0,2,57,26,8,178,0,0,1,2,8,IAM User,77.03
80,0,24,82,0,0,4,69,21,1,21,0,0,3,2,7,IAM User,63.55
24,20,55,19,0,2,1,18,19,4,33,0,0,3,1,4,Unknown,50.44
78,69,49,32,0,0,1,46,20,9,116,0,0,5,0,2,IAM Role,77.97
74,54,70,61,0,1,3,73,32,2,137,0,1,0,6,0,Unknown,99.05
29,34,21,83,0,0,1,8,28,15,151,1,0,2,0,10,IAM User,74.87
68,48,65,17,1,1,1,7,20,4,99,0,0,5,1,9,AWS Service Identity,76.84
25,84,76,21,0,0,8,16,30,2,28,0,0,2,1,2,IAM Role,51.35
52,57,39,89,0,0,5,59,29,12,128,0,0,1,1,8,IAM User,79.71
80,5,25,32,0,1,0,24,33,1,120,0,0,3,2,0,IAM Role,59.94
19,4,56,21,0,2,0,44,18,5,84,1,0,4,4,2,IAM Role,68.61
34,48,58,75,0,1,7,13,27,3,115,0,0,2,1,1,IAM User,72.61
80,40,9,9,0,0,2,25,32,11,38,0,0,1,0,3,IAM User,58.94
45,85,57,87,0,2,1,1,31,13,146,0,0,1,3,3,AWS Service Identity,88.15
97,58,15,88,0,0,5,81,26,3,8,0,0,2,1,5,IAM User,74.99
0,76,57,86,0,0,7,47,23,6,151,0,0,5,0,5,IAM User,70.31
72,59,94,29,0,1,3,17,28,7,151,0,0,3,2,1,IAM User,82.1
82,34,54,11,0,1,6,53,29,11,124,0,1,3,1,1,IAM User,84.46
92,66,76,42,0,2,3,94,28,5,147,0,1,2,2,9,AWS Service Identity,100.0
15,62,31,33,0,0,0,83,30,8,165,0,0,2,3,6,AWS Service Identity,66.55
99,72,93,96,0,1,7,89,35,8,29,0,0,2,1,10,IAM User,100.0
39,19,82,63,0,0,8,41,25,0,98,0,0,0,0,1,Unknown,64.95
35,64,92,95,0,1,8,36,33,9,116,0,0,3,2,3,AWS Service Identity,81.29
35,28,74,75,0,1,0,31,24,9,170,0,0,2,2,1,IAM User,80.89
64,79,65,72,0,0,5,30,22,15,133,0,0,5,0,10,AWS Service Identity,89.0
66,80,53,11,0,1,5,92,22,8,107,0,1,1,1,1,IAM User,76.77
47,63,93,6,0,0,0,13,24,14,100,0,0,1,2,8,Unknown,88.06
7,95,85,4,0,2,8,85,21,5,26,0,0,1,1,2,IAM Role,57.07
99,54,42,59,0,1,0,92,23,11,57,0,0,0,1,8,IAM Role,80.37
22,2,8,20,0,0,2,85,24,14,78,0,0,2,3,5,IAM User,50.04
9,61,0,99,1,2,8,63,29,2,159,0,0,5,2,10,AWS Service Identity,86.7
60,78,23,13,0,0,5,86,16,9,155,0,0,1,4,0,IAM User,76.76
41,10,6,95,0,0,6,3,26,14,116,0,0,2,2,3,IAM User,60.61
62,10,21,67,0,0,4,82,22,8,19,0,1,4,0,7,IAM User,66.03
88,27,11,10,0,2,6,51,23,14,130,0,0,0,2,10,AWS Service Identity,80.49
9,85,99,5,1,0,0,96,24,6,83,0,0,2,2,5,IAM User,79.94
28,53,9,39,0,0,6,8,22,14,118,0,0,1,2,1,AWS Service Identity,50.53
52,98,63,34,0,0,0,93,25,10,78,0,1,1,0,6,IAM Role,82.65
79,88,35,31,0,1,1,57,29,7,130,0,0,0,3,5,IAM User,88.06
60,56,17,53,0,0,4,10,28,3,39,0,0,0,1,8,IAM User,64.95
38,68,70,13,0,2,4,51,28,2,26,0,0,1,4,6,IAM User,64.91
61,33,98,13,0,0,1,3,26,4,39,0,0,1,1,9,IAM Role,57.28
98,9,79,70,0,0,7,8,26,12,166,0,0,2,1,1,AWS Service Identity,76.73
48,40,98,100,0,0,2,53,21,7,13,0,0,1,0,6,IAM User,75.23
89,59,59,27,0,1,7,82,23,6,51,0,0,4,3,8,AWS Service Identity,83.35
78,18,68,94,0,0,0,10,30,7,61,0,0,0,1,4,IAM User,71.23
30,22,14,34,0,0,2,26,28,5,151,0,0,0,1,5,AWS Service Identity,44.77
25,1,86,33,0,1,2,39,24,12,65,0,0,1,1,7,AWS Service Identity,57.64
77,74,75,9,0,1,5,54,17,6,161,0,0,0,2,5,AWS Service Identity,79.06
20,90,25,42,0,3,3,0,27,7,178,0,0,0,1,4,IAM Role,74.59
34,83,35,50,0,0,1,64,24,8,117,1,0,0,0,6,AWS Service Identity,62.66
23,38,61,67,0,0,5,50,23,10,62,0,0,1,3,8,IAM User,68.44
61,59,1,15,0,0,8,97,25,5,108,0,1,2,1,1,IAM User,59.04
29,97,82,19,0,0,1,30,24,1,121,0,0,1,0,9,IAM User,67.2
66,59,28,43,0,0,2,49,25,11,19,1,0,1,0,2,IAM Role,61.96
94,29,7,7,0,0,4,8,23,8,150,0,0,2,0,1,IAM Role,61.19
83,34,33,14,0,0,6,92,26,10,78,0,0,0,1,1,IAM Role,61.52
95,73,84,63,0,0,1,84,22,8,153,0,1,0,2,0,AWS Service Identity,90.21
2,45,27,96,0,0,2,35,20,8,110,0,0,2,2,10,IAM User,65.51
46,84,54,57,0,1,2,46,30,15,155,0,1,0,1,3,IAM Role,93.92
22,87,81,14,1,1,5,86,22,0,14,0,0,1,2,8,IAM User,64.9
92,3,3,100,0,2,0,29,34,1,7,0,0,1,2,2,IAM User,61.93
71,73,76,52,0,1,5,23,33,14,20,0,0,6,1,5,IAM Role,87.0
32,37,29,72,0,1,3,24,19,14,158,0,0,0,1,4,Unknown,74.67
56,52,70,19,0,0,2,71,22,6,179,0,1,0,4,7,IAM Role,85.79
61,26,18,58,0,1,7,21,28,8,180,0,0,2,2,10,IAM User,79.92
50,37,14,7,0,0,7,8,14,7,60,0,1,3,0,7,IAM Role,53.32
47,33,79,63,0,0,7,16,28,15,47,1,0,0,0,7,IAM User,73.63
5,5,81,20,0,0,7,99,19,7,63,0,0,1,2,2,AWS Service Identity,43.56
45,79,99,91,0,0,2,88,29,12,147,1,1,1,2,1,IAM Role,95.5
35,14,68,5,1,1,7,96,32,5,45,0,0,1,2,0,IAM User,60.56
82,37,47,65,0,0,1,28,21,6,99,0,0,1,1,3,IAM User,63.1
87,19,19,14,0,1,2,44,28,10,116,0,0,1,5,6,IAM User,75.28
75,16,29,69,0,0,4,49,34,6,65,0,0,1,1,0,Unknown,68.59
3,37,65,49,0,2,6,52,26,0,85,0,0,0,1,2,IAM User,57.16
84,92,34,97,0,0,5,2,32,2,120,0,0,4,1,6,AWS Service Identity,90.49
40,95,48,65,0,2,5,60,30,13,143,0,0,1,1,9,IAM Role,90.83
42,38,16,37,0,0,3,3,28,5,34,0,0,5,1,10,IAM Role,51.27
95,51,44,8,0,0,5,27,37,1,92,1,0,2,1,2,IAM User,70.09
87,99,24,60,0,2,4,29,25,15,27,0,1,2,2,1,AWS Service Identity,95.16
5,23,11,44,0,0,4,68,26,15,2,0,0,2,4,6,IAM User,59.72
36,95,13,5,0,2,5,90,31,7,116,0,0,0,3,10,IAM Role,72.13
75,10,52,58,0,1,5,70,23,10,87,0,0,1,1,4,IAM Role,72.17
54,22,37,21,0,0,2,43,25,12,46,0,0,1,2,9,IAM Role,64.12
26,34,10,23,0,1,1,53,23,1,9,0,0,1,0,8,AWS Service Identity,40.41
53,3,51,0,0,2,2,51,18,4,171,0,0,5,3,9,IAM User,80.9
87,82,16,37,0,0,3,14,26,8,149,1,0,0,1,10,IAM Role,80.69
22,86,1,22,0,1,1,96,27,8,169,0,0,1,1,1,IAM User,66.36
75,38,13,7,0,1,1,92,19,5,20,0,1,5,0,4,IAM User,70.39
74,84,45,43,0,0,8,24,17,0,2,0,0,2,1,0,IAM User,53.33
89,78,96,22,0,1,2,11,18,15,39,0,0,3,1,0,IAM User,89.19
30,80,24,13,0,1,6,16,20,9,18,0,1,0,2,5,IAM User,62.74
21,81,28,47,0,0,1,63,19,12,83,0,1,3,3,7,IAM User,75.22
55,57,24,6,0,2,8,2,27,6,116,0,0,3,4,9,IAM User,80.32
53,11,35,100,0,0,1,10,18,8,35,1,0,1,1,1,IAM Role,61.62
41,93,72,47,0,0,3,65,29,7,71,0,0,0,2,0,IAM Role,70.09
78,61,32,100,1,1,7,14,16,6,97,1,0,1,3,1,IAM User,98.57
80,91,66,89,1,1,1,6,23,10,57,0,0,2,1,10,IAM User,100.0
24,96,90,98,0,1,4,2,29,15,83,0,0,0,1,7,IAM User,87.89
80,18,95,54,0,1,7,71,27,12,106,0,0,3,1,5,IAM Role,77.84
23,40,56,42,0,0,0,36,25,10,172,0,0,3,2,1,IAM User,71.05
41,19,72,72,0,1,0,28,21,0,56,1,0,1,0,4,IAM User,65.84
2,5,92,8,0,0,7,64,28,8,15,0,0,3,3,1,IAM User,52.01
34,97,79,84,0,2,2,17,29,15,157,0,0,2,0,0,IAM User,86.83
96,93,30,32,0,1,8,52,30,6,104,1,0,2,5,4,IAM User,100.0
44,94,13,0,1,1,8,48,26,8,85,0,0,3,2,5,IAM Role,76.7
71,89,11,24,0,0,7,68,29,5,130,0,0,3,4,4,IAM Role,74.25
10,65,89,24,0,0,8,63,19,3,177,0,0,2,2,9,IAM Role,74.78
64,52,56,1,0,0,7,68,16,11,23,0,0,3,1,10,IAM Role,70.42
37,100,29,67,0,1,3,21,27,5,155,0,0,0,3,1,IAM Role,65.02
75,55,34,9,0,1,8,14,24,9,115,0,0,4,2,3,IAM User,76.27
93,64,28,85,0,0,3,53,25,9,105,0,0,0,1,5,AWS Service Identity,74.57
53,21,80,45,0,3,5,5,25,13,156,0,0,0,0,4,IAM Role,71.73
10,75,61,72,0,0,0,45,29,15,55,0,0,0,0,4,IAM User,65.33
48,82,88,34,0,1,8,63,20,8,142,0,0,1,2,7,IAM Role,85.44
12,68,30,13,0,0,5,82,14,0,103,0,0,0,1,1,IAM User,48.63
45,50,47,18,0,2,8,65,23,9,169,0,0,1,4,9,IAM Role,85.57
6,19,12,65,0,0,3,100,21,14,84,0,0,3,3,2,IAM Role,61.27
64,3,98,72,0,1,2,56,32,7,130,0,0,0,2,3,AWS Service Identity,76.75
31,63,51,27,0,1,4,45,22,9,90,0,0,1,1,2,AWS Service Identity,61.36
20,68,55,36,0,0,7,24,19,12,71,1,0,2,0,6,IAM Role,60.26
1,78,41,95,0,0,4,67,28,7,67,0,1,2,0,7,IAM Role,68.58
89,96,27,86,0,3,7,81,20,6,166,0,0,0,0,6,AWS Service Identity,96.4
84,50,95,41,0,2,1,32,20,7,151,1,0,2,1,5,IAM User,100.0
81,83,49,24,0,1,6,7,23,13,40,0,0,0,2,3,AWS Service Identity,70.75
5,72,68,30,0,0,6,1,18,7,156,0,0,3,1,7,IAM User,61.67
35,27,3,54,0,0,8,63,22,5,105,0,0,1,2,1,IAM User,49.82
98,85,27,57,0,0,0,66,26,9,18,0,0,2,2,3,IAM User,86.4
58,5,81,18,0,2,3,12,22,11,138,1,0,1,2,7,AWS Service Identity,70.5
12,60,8,6,0,1,0,2,34,14,29,0,0,2,0,7,IAM User,50.98
14,94,10,50,0,0,3,66,21,14,157,1,0,2,4,2,IAM User,84.45
26,66,81,80,0,0,6,40,23,12,82,0,0,4,0,3,IAM User,77.15
98,94,31,15,0,0,5,42,26,12,165,0,0,1,1,3,IAM User,92.08
17,5,27,41,0,0,6,26,31,7,87,0,1,3,3,9,IAM User,64.33
91,53,57,16,0,0,6,72,27,5,15,1,1,2,1,6,IAM Role,79.23
68,78,19,24,0,0,8,75,26,9,138,1,0,0,1,1,IAM User,71.56
93,64,4,61,0,0,7,5,32,11,131,0,0,1,1,1,AWS Service Identity,69.67
83,88,0,28,1,1,5,9,21,8,54,1,0,2,2,0,AWS Service Identity,76.16
33,46,8,26,0,0,7,56,26,3,36,0,0,4,1,2,IAM User,46.06
83,68,16,100,0,1,0,60,20,0,156,0,0,1,0,2,IAM User,75.96
17,42,70,17,0,1,6,14,20,0,141,0,1,1,1,4,IAM Role,51.48
29,88,30,19,0,1,4,15,21,6,53,1,0,1,3,8,IAM User,69.12
21,12,7,93,0,1,8,68,22,12,126,0,0,1,2,9,IAM User,65.63
13,25,1,55,0,0,4,45,31,12,43,0,0,1,3,6,Unknown,56.89
9,9,48,4,0,0,1,12,23,12,32,1,0,0,2,8,Unknown,44.71
18,70,84,42,0,0,6,61,37,11,120,0,0,2,1,7,AWS Service Identity,73.99
12,23,34,57,0,1,8,7,24,0,150,0,0,1,1,3,IAM User,53.74
38,32,6,25,0,0,0,23,25,14,166,0,1,3,1,6,IAM Role,67.09
7,84,23,55,0,1,0,72,20,15,83,0,0,3,0,3,IAM Role,73.08
6,36,50,65,0,0,5,22,20,13,25,0,0,5,0,3,IAM User,60.0
99,14,19,25,0,1,5,6,20,7,98,0,0,1,0,10,IAM Role,68.59
8,2,98,82,0,3,4,96,25,3,123,1,0,1,1,10,IAM User,85.27
7,22,77,45,0,0,0,22,15,14,175,0,0,3,2,7,IAM User,70.01
3,92,34,97,0,1,5,52,39,2,20,0,0,3,1,6,IAM Role,64.87
13,55,96,8,0,1,5,83,24,12,118,1,0,0,6,7,IAM User,86.18
53,100,32,32,0,0,7,99,19,15,92,0,0,1,1,8,IAM User,84.58
83,21,14,72,0,0,3,81,19,14,106,1,0,1,0,0,AWS Service Identity,72.71
74,35,94,90,0,0,3,34,34,8,16,0,0,0,1,3,Unknown,79.19
58,16,96,22,0,0,0,86,18,13,3,1,0,1,2,1,IAM Role,71.72
8,40,31,99,0,1,5,1,24,13,109,0,0,2,2,5,AWS Service Identity,62.75
78,56,60,19,0,2,5,32,22,15,36,0,0,0,3,3,Unknown,87.16
3,81,17,42,0,1,2,20,34,5,111,0,0,1,0,3,IAM User,47.18
63,37,64,31,1,0,6,53,30,10,4,1,1,1,1,9,IAM User,82.73
41,77,69,42,0,0,8,90,30,13,145,1,0,2,1,2,IAM User,94.48
89,63,71,91,0,2,1,78,24,3,60,0,0,7,2,10,IAM User,100.0
31,29,57,73,0,1,5,100,38,3,81,0,1,2,0,4,AWS Service Identity,67.75
64,92,71,80,1,1,6,13,22,6,62,0,0,1,1,2,IAM User,83.81
44,43,56,25,0,1,0,75,22,5,75,0,0,1,1,1,IAM User,51.12
52,15,82,95,0,2,1,73,20,12,95,1,0,1,2,7,IAM User,98.38
94,97,18,43,0,1,3,46,25,14,116,0,0,1,1,9,IAM User,91.64
71,92,48,65,0,1,1,9,21,2,124,0,0,1,1,9,AWS Service Identity,79.36
41,5,42,70,0,1,3,10,28,5,179,1,0,1,2,1,IAM User,72.5
45,91,53,66,0,1,1,92,22,14,32,0,0,2,2,9,IAM User,90.69
71,95,14,60,0,0,8,29,24,9,157,0,0,2,4,2,IAM User,85.45
34,83,32,48,0,0,5,64,24,3,108,0,0,1,1,5,IAM User,60.1
16,25,96,65,0,1,2,95,28,9,56,0,0,1,0,0,IAM Role,63.63
47,63,10,91,0,1,7,49,26,14,165,0,0,3,1,2,IAM User,82.45
6,54,64,39,0,1,0,21,19,5,127,0,0,3,1,3,IAM User,52.16
17,62,67,51,0,1,5,48,24,7,33,0,0,0,0,10,IAM User,66.6
42,62,47,18,0,2,6,23,23,9,31,0,0,0,3,3,AWS Service Identity,63.52
80,64,3,35,0,0,7,18,20,13,119,0,0,2,0,3,IAM Role,72.38
78,51,3,77,1,0,2,81,29,9,132,0,0,1,0,3,IAM Role,87.73
26,69,27,64,0,1,5,34,25,15,8,0,0,2,1,2,IAM Role,63.95
42,53,10,21,0,1,6,69,35,12,113,0,0,4,1,5,AWS Service Identity,67.72
15,1,9,55,0,0,7,73,17,6,96,0,0,0,3,2,IAM User,49.87
76,3,16,82,0,2,1,55,18,7,175,0,0,0,0,3,IAM User,71.32
24,96,19,12,0,2,8,54,28,11,134,0,1,2,1,5,IAM Role,69.32
80,91,84,6,0,1,2,18,19,1,164,0,0,4,1,8,IAM User,86.36
85,59,64,39,0,1,3,53,32,3,6,0,0,4,2,1,AWS Service Identity,74.06
69,17,3,66,0,0,1,75,31,3,138,0,0,1,0,3,IAM User,57.69
33,78,63,31,0,0,1,19,26,12,60,0,0,1,1,6,AWS Service Identity,62.37
96,14,13,82,1,1,2,23,21,13,100,0,0,0,2,10,AWS Service Identity,88.72
69,38,42,85,0,1,1,69,31,13,158,0,0,0,1,10,IAM Role,91.78
65,33,3,53,0,0,6,99,21,1,157,0,0,2,0,9,AWS Service Identity,58.61
86,1,9,38,0,1,5,39,14,4,40,0,0,1,1,5,IAM Role,55.65
89,81,13,4,0,0,3,83,21,4,43,1,0,1,1,1,AWS Service Identity,58.88
7,51,43,82,0,1,4,18,26,0,130,0,0,3,1,10,IAM User,73.34
89,31,46,90,0,0,5,57,38,4,158,0,0,1,3,6,IAM User,92.27
77,51,35,44,0,1,1,95,17,6,110,0,0,1,3,9,IAM Role,82.58
20,0,62,52,0,1,2,44,24,14,9,0,0,2,3,10,IAM User,73.56
31,44,72,76,0,0,7,51,22,2,29,0,0,1,3,8,IAM User,67.3
76,52,73,70,1,2,0,15,29,13,135,1,0,2,0,4,AWS Service Identity,92.12
21,34,58,13,0,1,8,53,23,13,134,0,0,1,0,6,IAM Role,61.47
45,83,55,67,0,4,8,59,29,2,162,0,0,0,0,7,IAM User,96.98
69,25,49,93,0,1,2,99,23,4,96,1,0,2,2,9,IAM User,88.74
65,13,24,75,1,1,2,20,16,7,77,0,0,1,3,2,IAM User,72.28
91,53,49,48,0,0,1,37,31,15,20,0,0,3,1,6,IAM User,75.11
11,89,1,52,0,0,5,65,31,12,141,0,0,0,2,6,AWS Service Identity,56.57
29,37,97,26,0,0,1,95,27,15,171,0,0,2,2,2,IAM User,76.27
99,4,37,66,0,0,7,24,28,5,8,1,0,1,1,4,IAM User,61.07
57,97,76,24,0,0,3,70,32,14,89,0,1,1,0,10,IAM Role,86.03
25,44,96,34,1,1,8,88,29,15,64,1,0,0,1,0,IAM User,87.62
29,17,50,26,0,2,7,63,9,9,134,0,0,3,2,5,IAM User,70.88
34,62,87,33,0,0,3,43,19,2,138,0,0,2,1,6,IAM Role,69.78
55,32,48,37,0,2,5,23,23,4,39,0,0,1,3,9,IAM Role,72.25
28,94,13,8,0,2,0,29,23,2,172,0,1,0,1,3,Unknown,68.42
62,29,2,72,0,1,0,5,25,12,24,0,1,1,4,4,IAM Role,66.04
44,55,13,44,0,1,4,15,22,5,141,0,0,2,0,0,IAM User,60.22
61,54,95,95,0,0,4,44,22,11,134,0,1,2,0,3,AWS Service Identity,84.23
15,24,47,18,0,1,3,14,18,4,29,0,0,3,1,10,AWS Service Identity,47.76
62,50,32,67,0,1,0,1,24,15,121,1,0,0,2,8,IAM Role,91.28
93,11,45,18,0,1,7,69,26,12,48,0,0,1,1,4,Unknown,72.03
13,65,25,55,0,1,3,7,30,6,49,0,0,0,3,6,AWS Service Identity,50.05
33,76,87,49,0,0,4,14,28,7,15,0,0,1,2,10,AWS Service Identity,63.8
70,95,100,45,0,0,3,60,26,0,135,0,0,3,3,4,IAM User,87.53
62,32,8,66,0,3,4,93,14,2,146,1,0,2,2,3,IAM Role,80.25
68,28,72,83,0,0,5,73,28,15,91,1,1,1,0,9,IAM User,94.22
56,55,33,31,0,0,6,3,21,13,140,0,0,1,3,9,IAM Role,73.97
68,69,4,85,0,1,4,16,19,13,63,0,0,0,4,5,IAM Role,78.84
61,100,93,18,0,0,1,74,14,10,102,0,1,2,2,0,Unknown,97.35
7,2,6,29,1,2,7,73,31,3,142,0,0,2,0,0,Unknown,58.04
75,24,20,31,0,0,2,39,28,1,77,0,0,3,1,1,IAM User,58.17
45,26,2,96,1,0,0,95,23,11,111,0,0,1,3,7,IAM Role,78.18
5,25,47,11,0,0,0,89,27,5,26,1,0,1,1,1,IAM Role,35.67
41,46,60,39,0,0,6,75,31,0,91,0,0,0,1,0,IAM User,52.3
43,88,32,42,0,1,3,75,18,0,154,0,0,1,2,7,IAM User,77.44
8,3,7,80,0,3,0,79,24,8,139,0,0,2,1,5,IAM User,70.74
100,82,11,49,0,0,7,14,26,13,54,1,0,1,0,5,AWS Service Identity,80.52
22,62,94,97,0,0,2,70,26,5,98,0,0,1,1,2,IAM User,73.59
33,62,81,74,0,0,8,94,20,15,112,0,1,3,0,2,Unknown,96.59
44,68,94,71,0,2,7,22,24,6,169,1,0,1,4,2,IAM User,100.0
84,11,53,76,0,0,0,1,29,11,150,0,1,3,2,7,Unknown,93.42
75,75,55,16,0,1,6,36,26,3,148,0,0,3,1,10,IAM User,83.47
77,25,79,45,0,1,5,27,16,9,136,0,1,2,0,10,AWS Service Identity,95.56
23,52,62,59,0,0,1,95,20,4,64,0,0,0,1,1,IAM User,59.85
85,68,44,21,1,0,3,45,26,12,68,0,0,0,1,7,IAM Role,81.92
83,60,29,11,1,0,4,66,29,7,84,0,0,2,1,8,AWS Service Identity,78.08
46,32,49,13,0,0,1,99,23,0,77,1,1,0,1,0,AWS Service Identity,47.26
55,40,6,79,0,1,6,79,20,3,173,0,0,1,2,7,AWS Service Identity,69.77
3,48,19,66,0,1,2,75,20,5,158,0,1,0,0,4,IAM User,58.09
76,4,74,28,0,0,8,97,21,7,162,0,0,0,2,2,IAM User,74.73
97,73,87,74,0,0,7,69,28,4,109,0,0,2,2,8,IAM User,96.43
47,10,10,70,0,0,5,23,21,9,34,0,0,1,3,10,IAM User,60.73
54,46,9,82,0,0,1,73,25,15,26,0,1,1,1,6,IAM Role,71.23
50,66,8,91,0,0,0,32,17,11,49,0,0,3,0,2,IAM Role,56.2
8,8,79,89,0,3,1,33,18,4,117,0,0,2,1,4,AWS Service Identity,68.86
62,100,31,18,0,1,4,65,17,10,65,0,1,1,3,5,AWS Service Identity,71.38
72,38,33,77,0,0,7,31,23,15,118,0,0,1,4,9,IAM Role,83.63
93,1,1,39,0,0,1,2,25,3,159,0,0,1,3,8,AWS Service Identity,55.92
93,66,98,40,0,1,6,100,19,3,60,0,0,2,0,7,IAM User,85.29
49,56,43,65,1,0,0,57,19,0,167,0,0,1,1,8,IAM User,79.84
96,64,80,60,0,0,2,67,21,13,92,1,0,1,2,7,IAM Role,100.0
53,75,71,42,0,1,5,81,23,13,145,0,0,1,0,3,AWS Service Identity,73.11
64,48,14,100,0,4,7,64,28,6,10,0,0,1,1,1,IAM User,75.41
60,83,80,17,0,1,6,61,22,13,49,0,0,2,3,9,IAM Role,80.08
100,37,55,9,0,1,4,79,28,10,168,0,0,1,1,6,IAM Role,83.11
74,55,61,2,0,0,0,29,25,15,160,1,0,1,1,10,IAM User,88.11
12,16,20,82,0,0,2,83,19,14,103,0,0,3,2,7,IAM User,71.11
7,62,85,41,0,0,7,73,25,15,5,0,0,0,2,5,AWS Service Identity,49.72
41,26,94,44,0,1,0,18,16,6,10,0,0,2,1,7,IAM Role,63.73
52,70,41,65,0,2,6,14,27,10,76,0,1,1,2,7,IAM User,82.29
67,80,9,43,0,0,6,88,20,2,162,1,0,2,1,10,AWS Service Identity,74.09
48,86,85,57,0,0,6,90,23,14,68,1,0,2,3,4,IAM User,94.23
51,93,89,5,0,0,1,100,31,5,160,0,0,4,0,4,AWS Service Identity,79.35
93,12,51,15,0,0,2,10,25,7,96,0,0,1,2,3,IAM User,63.13
33,13,58,94,0,0,1,90,26,9,24,0,0,4,4,1,IAM Role,63.99
49,93,22,45,0,0,3,87,26,12,101,0,0,4,0,5,IAM User,77.53
56,38,6,16,1,1,4,77,27,11,65,0,0,3,3,4,IAM User,71.84
47,2,95,37,1,0,1,50,24,15,40,1,0,0,1,2,AWS Service Identity,70.43
97,28,48,33,0,0,5,51,23,11,122,0,0,3,0,8,IAM User,85.96
97,84,27,27,0,1,2,43,27,12,37,0,0,0,4,7,IAM User,90.08
51,35,70,29,0,0,5,2,32,9,163,0,0,4,0,2,IAM User,67.45
45,7,2,73,0,0,2,50,28,6,145,1,0,1,0,1,IAM Role,60.06
59,72,8,10,0,2,8,23,27,14,141,1,0,2,0,6,AWS Service Identity,71.57
18,19,24,31,0,1,2,20,29,6,13,0,0,2,1,0,Unknown,52.33
43,35,45,47,0,1,7,5,20,9,173,0,0,0,1,1,IAM User,59.93
21,0,37,54,0,1,1,46,36,4,89,0,0,3,1,4,IAM User,45.72
14,60,18,88,0,1,0,4,23,7,132,0,0,1,3,10,IAM User,77.76
9,44,35,93,0,0,1,85,24,5,34,1,0,1,2,0,IAM Role,53.19
59,87,33,30,0,2,3,89,31,4,139,1,1,1,0,5,Unknown,96.9
0,33,52,54,0,1,8,80,21,13,57,0,0,0,3,6,IAM Role,57.93
65,20,56,2,0,0,1,30,27,12,127,0,0,1,2,2,IAM Role,71.14
43,16,89,62,0,1,7,16,29,11,50,0,0,1,1,5,IAM User,75.83
37,20,81,15,0,0,6,50,21,1,168,1,0,3,1,6,AWS Service Identity,69.42
77,45,29,7,0,1,3,68,31,3,128,0,1,3,1,1,IAM User,72.57
54,8,91,67,0,0,3,2,25,3,81,1,0,0,0,10,IAM User,72.36
74,40,52,17,0,0,8,86,30,11,82,0,0,1,3,2,IAM User,72.58
71,86,18,48,0,1,6,44,29,14,0,1,0,2,2,4,IAM User,85.92
3,77,34,10,0,0,2,82,25,6,54,0,0,3,0,0,IAM User,43.44
21,64,74,75,0,1,8,7,24,5,142,0,0,2,0,6,IAM User,78.42
57,90,82,77,0,0,3,42,16,8,150,0,1,1,2,6,IAM User,93.66
98,78,37,58,0,2,0,46,27,15,180,0,0,1,2,1,IAM Role,97.72
15,65,15,84,0,2,7,4,14,5,15,0,0,1,2,3,IAM User,54.06
10,87,19,44,0,2,7,71,23,4,45,1,0,1,1,8,IAM User,68.67
95,12,10,18,0,1,3,94,32,8,138,0,0,1,1,7,Unknown,80.94
97,82,70,15,0,2,6,54,28,14,65,1,0,3,1,3,AWS Service Identity,95.59
16,29,50,22,0,3,2,39,26,11,44,0,0,2,2,6,IAM Role,61.71
40,74,45,20,0,0,7,64,22,8,50,0,0,4,2,8,IAM User,73.41
63,92,67,32,0,1,3,36,14,11,166,1,0,0,0,4,AWS Service Identity,88.99
19,50,83,21,0,1,2,36,28,0,155,0,0,3,0,1,IAM User,59.06
32,8,80,59,0,1,4,76,20,12,1,1,1,1,3,0,IAM User,81.98
39,37,13,14,0,1,2,59,18,1,152,1,0,2,2,10,AWS Service Identity,68.26
64,41,59,62,1,1,5,26,30,6,100,0,0,1,0,3,IAM Role,83.43
31,94,89,33,0,1,6,41,28,5,152,0,0,2,1,8,IAM Role,80.47
41,95,78,69,0,1,3,84,22,11,112,0,1,3,1,3,IAM Role,86.76
29,57,33,51,0,0,7,53,33,3,124,0,0,4,4,7,IAM Role,67.46
76,96,39,91,0,0,3,7,19,3,104,0,1,0,0,3,IAM User,75.52
15,44,89,44,0,0,8,86,18,14,132,1,0,0,1,6,IAM User,73.85
23,41,3,29,0,2,2,74,26,7,147,0,0,2,1,10,IAM User,60.24
25,84,53,59,0,0,6,26,23,11,91,0,0,2,1,8,IAM User,76.83
91,67,11,66,0,0,4,97,26,9,20,1,0,2,1,1,AWS Service Identity,65.51
95,52,90,44,0,1,8,96,25,9,16,0,0,1,1,5,IAM User,90.03
50,46,3,56,0,0,1,100,16,10,75,1,0,4,2,2,IAM Role,79.63
15,71,2,47,0,0,1,38,29,10,85,0,1,2,0,2,AWS Service Identity,47.64
76,76,33,30,1,0,7,93,20,14,156,0,0,2,1,9,AWS Service Identity,94.32
49,49,20,31,0,0,8,81,25,12,5,0,0,2,0,10,IAM User,61.14
85,3,50,91,0,0,6,87,27,4,160,0,0,2,0,10,IAM User,88.2
36,10,30,68,0,1,4,55,8,2,9,0,0,2,0,9,Unknown,55.46
100,14,35,9,0,0,3,28,23,13,90,0,0,1,1,5,IAM Role,65.43
81,46,57,97,1,1,5,22,36,5,76,1,1,1,2,5,AWS Service Identity,99.51
22,62,56,71,1,2,6,97,25,4,100,0,0,4,0,5,AWS Service Identity,79.61
73,81,94,5,0,2,2,50,28,1,7,0,0,0,3,8,AWS Service Identity,67.22
28,23,48,73,0,0,0,93,22,8,138,0,0,2,1,0,IAM User,69.33
35,79,56,59,0,0,0,56,20,8,24,0,0,1,0,9,IAM Role,59.77
25,67,68,92,0,0,3,53,27,13,141,0,0,2,1,8,IAM User,85.61
68,5,17,49,0,2,6,7,20,11,102,0,0,1,1,10,IAM Role,72.8
26,35,67,52,0,1,3,40,29,11,160,1,0,2,2,6,Unknown,90.04
64,30,87,31,0,0,5,56,23,8,177,1,0,1,1,5,IAM Role,90.81
58,89,32,32,0,1,4,11,22,13,152,1,0,1,1,5,IAM User,87.21
75,93,18,62,0,2,2,16,24,15,81,0,0,2,0,6,IAM User,86.61
100,82,34,83,0,1,6,59,29,13,75,0,0,2,2,3,Unknown,100.0
0,53,27,89,0,1,6,25,28,5,119,0,0,0,2,8,IAM User,63.83
100,49,59,77,0,0,8,70,25,4,117,0,1,2,0,4,IAM User,89.09
11,31,87,61,0,0,7,46,24,0,143,0,0,0,1,3,IAM User,56.66
53,78,60,50,0,0,3,40,28,15,87,1,0,1,1,8,IAM User,84.49
34,8,12,34,0,0,6,11,21,11,83,0,1,0,1,3,IAM User,49.61
64,27,31,77,0,1,3,41,24,14,21,0,0,2,0,0,IAM Role,61.35
72,13,69,32,0,1,7,54,22,12,30,0,0,2,1,5,IAM User,63.72
86,49,33,27,1,0,5,57,27,6,148,1,0,1,3,5,IAM User,94.19
40,30,59,87,0,0,7,27,22,2,179,0,0,2,1,3,IAM User,66.1
94,19,70,59,0,0,2,2,20,0,108,0,0,1,3,0,IAM User,68.37
32,38,33,35,0,1,0,94,17,12,62,0,0,1,1,5,IAM User,61.12
20,86,65,87,0,0,1,96,20,4,10,0,0,1,0,8,IAM Role,62.76
38,56,40,97,0,0,4,91,24,6,7,1,0,0,1,8,IAM User,67.89
53,83,13,32,0,0,8,29,31,13,122,0,0,1,0,2,IAM User,68.46
67,92,37,52,0,1,5,60,34,7,116,0,0,2,2,4,IAM User,89.7
84,91,44,48,0,0,7,14,31,15,51,0,0,1,2,9,IAM User,86.49
22,35,0,70,0,1,4,91,25,8,34,0,0,5,2,3,IAM User,60.0
30,88,90,96,0,1,8,0,25,13,12,0,1,0,1,5,IAM User,75.19
94,91,53,55,0,0,8,47,25,2,123,1,1,0,1,7,AWS Service Identity,91.73
44,96,3,80,0,2,1,86,15,6,109,1,0,2,0,5,IAM User,82.14
24,35,87,60,0,2,7,73,21,2,60,0,0,2,1,9,IAM Role,66.91
99,23,86,89,0,1,0,87,32,0,132,0,0,2,0,3,IAM User,88.37
45,59,1,40,0,1,5,50,22,15,152,0,0,1,1,5,IAM User,71.45
99,94,16,38,0,2,3,9,26,8,93,0,0,2,1,5,IAM User,79.48
92,90,36,42,0,0,2,0,25,5,47,0,0,0,1,8,AWS Service Identity,61.44
91,57,51,100,0,0,8,15,30,6,1,0,0,0,3,3,AWS Service Identity,71.58
58,15,73,61,0,2,5,5,26,3,143,1,0,3,2,3,IAM User,79.01
80,42,42,15,0,2,1,45,30,1,104,0,0,3,3,3,IAM User,77.31
97,72,61,4,0,0,1,5,20,14,62,0,0,1,1,2,IAM User,73.25
27,56,1,52,0,1,1,18,27,1,1,1,0,3,3,2,IAM User,57.19
3,34,66,81,0,0,2,42,23,6,147,0,0,0,4,9,IAM Role,65.41
32,34,92,48,0,2,0,74,12,2,167,0,0,0,2,3,IAM User,76.39
64,6,53,56,0,2,2,68,27,14,87,0,0,2,0,2,IAM User,78.48
55,29,45,80,0,0,6,5,31,3,48,0,0,1,2,8,AWS Service Identity,55.73
8,67,30,52,0,2,7,91,36,6,112,0,0,3,1,8,IAM User,78.84
56,24,96,91,0,1,7,55,18,12,157,0,0,2,1,2,IAM User,82.26
17,100,3,64,0,2,4,35,19,9,106,0,0,1,1,3,IAM Role,62.71
51,8,28,73,0,0,6,38,30,6,2,0,0,2,1,9,IAM User,50.49
58,59,14,78,0,0,8,85,19,9,35,0,0,2,4,3,IAM User,70.77
64,50,87,63,0,3,0,46,21,6,17,0,0,1,0,9,IAM User,83.56
41,84,48,5,0,1,8,24,36,4,74,0,0,1,0,6,AWS Service Identity,58.11
41,89,93,43,0,0,6,42,24,9,81,0,0,3,0,7,IAM User,77.88
68,54,67,14,0,0,3,6,22,5,96,0,0,2,0,5,IAM User,60.91
75,63,56,51,0,1,4,15,28,15,137,0,0,1,2,0,IAM User,77.83
81,70,52,14,1,2,3,31,30,7,20,0,0,0,3,9,IAM User,81.67
33,52,20,51,0,0,1,22,30,12,170,0,1,2,4,6,IAM Role,79.1
42,18,56,34,1,2,2,35,24,3,47,0,0,1,2,1,IAM User,66.65
33,43,69,2,0,2,2,6,28,10,94,0,0,1,1,9,IAM Role,64.29
53,24,97,12,0,1,0,61,29,8,38,1,1,0,0,3,IAM Role,73.52
12,46,55,50,0,0,4,11,23,11,64,0,0,2,2,4,AWS Service Identity,48.57
43,62,94,7,0,1,4,21,29,7,150,0,0,0,1,7,IAM User,72.08
19,21,95,86,0,0,2,98,26,11,8,0,0,2,4,3,AWS Service Identity,66.15
53,25,52,76,0,0,1,0,27,0,87,0,0,3,3,0,IAM Role,63.86
85,83,44,71,0,0,8,28,27,11,105,0,0,2,2,3,IAM User,87.0
99,38,14,17,0,0,6,50,28,12,103,0,0,4,2,7,AWS Service Identity,67.87
45,20,27,80,0,1,4,31,24,7,68,0,1,2,1,4,AWS Service Identity,66.59
5,72,88,64,1,0,6,32,21,0,68,1,0,1,1,7,IAM User,78.57
23,72,13,39,0,2,3,12,27,9,164,0,0,2,0,0,AWS Service Identity,56.71
10,83,40,0,1,0,1,42,24,12,43,0,0,1,0,2,IAM User,50.22
76,76,70,53,0,0,6,76,24,7,86,0,0,0,1,2,IAM Role,78.83
99,100,24,80,0,0,6,59,24,1,65,0,0,1,1,0,Unknown,90.39
55,58,98,3,0,0,5,93,27,6,138,0,0,3,0,7,IAM User,81.85
17,28,65,5,0,2,5,70,18,15,145,0,0,4,2,2,AWS Service Identity,62.38
2,87,2,38,0,1,0,79,20,4,153,0,1,1,1,5,IAM User,67.63
98,26,24,51,0,0,5,43,20,8,15,0,0,3,2,10,AWS Service Identity,71.61
31,29,74,47,0,0,5,61,21,5,17,0,0,1,0,2,IAM Role,44.01
11,83,87,43,0,0,3,58,18,11,67,0,0,2,3,2,IAM User,75.38
17,89,93,25,0,1,2,82,22,6,79,0,0,2,2,10,IAM User,81.61
25,34,85,6,0,1,8,50,22,6,11,0,0,2,1,3,IAM User,57.82
66,73,7,3,0,2,3,40,21,9,161,0,0,1,2,3,IAM User,70.32
90,93,73,9,0,0,2,7,22,9,162,1,0,2,2,7,IAM User,95.95
27,80,11,69,0,1,6,86,21,7,76,0,0,0,1,1,IAM User,58.57
69,0,7,79,1,0,4,43,24,4,139,1,0,5,0,4,IAM User,78.36
6,67,69,43,0,1,5,80,32,1,102,0,0,1,1,2,IAM User,65.4
1,17,48,7,0,0,5,68,21,11,118,0,0,2,3,9,IAM Role,50.86
5,85,65,41,0,1,3,0,20,5,158,0,0,4,2,3,IAM Role,61.86
93,6,85,99,0,0,1,65,22,9,16,0,0,2,3,6,IAM Role,88.13
58,100,6,25,0,0,1,49,27,6,42,0,1,4,3,5,IAM User,74.25
81,17,53,49,0,0,8,24,21,13,77,0,0,2,2,5,AWS Service Identity,74.11
2,42,84,54,0,0,4,26,23,11,161,0,0,1,2,0,IAM Role,57.45
2,23,44,33,0,0,3,64,30,6,107,0,0,3,0,2,IAM User,46.88
85,82,52,44,0,2,2,8,24,5,71,0,0,4,0,9,IAM User,89.98
10,39,50,47,1,0,6,61,27,11,5,0,0,1,1,6,IAM Role,58.4
15,75,91,47,0,1,8,85,23,0,107,0,0,0,0,9,IAM User,62.83
52,6,5,72,0,0,6,8,21,0,48,1,0,2,2,6,IAM Role,63.06
61,45,88,58,0,1,4,0,33,1,59,0,0,0,3,3,Unknown,76.59
23,92,82,5,0,3,4,6,24,5,180,0,0,1,3,3,IAM User,74.58
44,93,82,0,0,0,7,73,15,7,95,0,0,1,1,8,IAM User,74.65
68,21,41,41,0,0,7,85,33,4,25,0,0,2,2,2,Unknown,68.49
44,39,52,91,0,3,3,99,20,3,8,1,1,0,1,6,IAM Role,87.04
38,41,37,3,0,1,8,2,24,5,70,0,0,0,1,10,IAM User,57.08
7,57,25,7,0,1,7,48,25,7,11,0,0,2,2,9,AWS Service Identity,45.56
45,54,88,68,0,0,7,4,25,4,77,0,0,2,1,4,AWS Service Identity,55.54
81,10,51,45,1,0,0,37,27,9,75,0,0,2,2,3,IAM Role,75.24
63,77,73,23,0,1,1,31,19,6,159,0,1,1,0,6,IAM Role,75.39
90,22,10,20,0,0,2,61,31,14,60,0,0,1,0,6,IAM User,69.78
12,31,79,67,0,0,6,91,25,15,49,0,0,2,2,7,IAM User,69.82
1,84,66,52,0,0,0,81,26,10,111,0,0,0,1,0,IAM Role,62.49
55,69,100,64,0,1,0,6,14,8,115,1,0,0,1,5,IAM User,83.72
18,40,13,28,0,0,0,24,28,0,6,0,0,1,1,0,IAM Role,24.7
59,92,54,53,0,1,1,27,23,9,15,0,0,1,1,10,AWS Service Identity,70.38
91,39,51,86,0,0,8,25,28,6,30,0,0,0,1,9,IAM User,78.33
34,57,54,31,0,0,6,35,19,4,140,0,0,1,2,8,IAM Role,61.77
55,24,5,40,1,0,6,61,24,12,37,0,0,2,0,3,IAM User,63.57
68,18,47,16,0,0,2,74,26,0,179,0,0,1,2,8,AWS Service Identity,61.55
15,49,30,64,0,0,5,94,33,4,79,0,0,3,0,4,IAM User,56.13
90,56,62,3,0,0,7,70,25,12,168,0,0,2,2,7,IAM Role,87.43
20,81,23,25,0,3,4,30,29,14,44,0,0,0,1,2,IAM Role,62.25
81,39,43,72,0,0,7,18,30,8,76,0,0,0,0,5,IAM User,64.77
66,90,62,1,0,2,5,38,24,8,24,0,0,1,3,9,IAM Role,82.09
14,61,6,99,0,0,2,80,39,15,153,0,0,2,0,2,IAM Role,67.51
73,7,79,40,0,0,5,100,27,1,108,0,0,5,2,4,IAM Role,76.35
19,74,72,40,0,1,8,39,19,7,13,1,0,0,0,3,AWS Service Identity,55.11
60,58,5,54,0,0,7,17,23,3,134,0,0,1,1,1,Unknown,66.8
96,39,6,64,0,2,4,0,32,7,160,0,0,0,2,4,IAM User,79.38
96,47,85,46,0,0,5,7,29,14,124,1,0,0,2,6,IAM Role,88.38
87,30,28,89,0,2,8,64,19,9,146,0,0,1,2,0,IAM User,88.77
49,62,86,97,0,1,6,59,27,15,49,1,0,2,1,2,AWS Service Identity,84.75
56,57,50,20,0,1,4,64,21,8,78,1,0,3,2,8,IAM Role,85.99
30,45,34,71,0,1,2,2,23,13,154,0,1,2,0,2,IAM User,73.07
93,28,27,30,0,0,8,44,23,2,110,1,0,3,1,3,IAM User,64.85
48,40,66,100,0,0,8,18,18,5,110,0,0,3,2,7,AWS Service Identity,71.02
77,50,11,25,0,0,0,33,27,4,138,0,0,1,5,8,IAM User,70.61
36,47,40,29,0,0,0,62,24,12,111,1,0,1,1,10,IAM Role,76.59
74,31,34,72,0,0,1,27,26,8,22,1,0,2,2,1,IAM User,71.5
22,58,15,79,0,1,3,66,27,3,38,0,0,1,0,8,Unknown,65.36
74,22,35,12,1,1,1,29,17,2,140,0,0,3,2,7,IAM User,77.31
4,50,53,56,0,2,7,51,24,6,43,0,0,4,1,1,IAM User,59.78
10,12,68,34,0,1,8,46,19,2,120,1,0,0,1,9,AWS Service Identity,58.68
35,47,8,61,0,0,1,38,22,11,85,0,0,2,0,3,AWS Service Identity,53.75
48,79,88,56,1,0,7,12,28,13,112,0,0,0,1,4,IAM User,87.69
71,82,88,99,1,0,1,58,23,15,43,0,0,0,2,8,IAM User,100.0
36,70,69,94,0,0,7,99,28,3,56,0,0,0,0,5,IAM Role,65.34
1,75,93,66,0,0,3,64,30,7,124,1,1,0,0,3,AWS Service Identity,72.85
32,6,43,68,0,0,0,75,27,8,31,0,0,2,1,3,IAM User,60.72
44,34,82,90,0,3,3,81,32,7,55,0,0,0,2,8,IAM Role,91.08
54,66,73,18,0,0,7,3,20,7,180,0,0,2,0,2,IAM Role,72.42
65,80,56,73,0,0,8,80,25,3,27,0,0,2,0,5,IAM Role,71.21
25,58,18,77,0,1,1,24,29,1,104,0,0,0,0,8,AWS Service Identity,49.52
61,86,56,12,1,0,7,67,27,6,27,0,0,3,1,9,IAM Role,73.73
63,27,91,89,0,0,2,99,19,1,127,0,0,0,1,9,IAM User,87.96
78,15,99,70,1,0,4,90,15,1,23,1,0,2,2,3,AWS Service Identity,72.09
52,8,45,35,0,0,0,41,29,8,103,0,0,3,1,2,AWS Service Identity,59.8
81,58,25,48,0,0,8,84,26,13,79,0,0,2,4,10,AWS Service Identity,82.23
22,67,75,49,0,0,7,62,32,8,125,0,0,4,2,6,IAM User,85.48
71,28,7,92,0,2,5,13,25,0,0,1,0,1,1,4,IAM User,64.06
4,79,15,97,0,2,6,24,28,13,93,0,0,2,2,9,IAM Role,80.42
10,74,56,81,1,1,7,96,45,10,98,0,0,3,3,7,IAM User,100.0
87,36,100,65,0,1,1,92,27,4,43,1,0,1,1,5,Unknown,95.16
47,24,33,10,0,2,2,90,28,4,53,1,1,1,2,2,IAM User,66.67
62,74,44,92,0,0,0,38,16,14,127,0,1,1,1,0,IAM Role,80.76
60,67,32,13,0,0,4,32,27,7,99,0,0,1,1,5,AWS Service Identity,53.45
70,17,44,16,0,1,4,81,31,2,104,0,0,4,0,1,IAM User,61.37
24,25,0,7,0,0,0,2,22,4,169,0,0,0,2,3,IAM User,38.34
18,49,60,95,0,1,5,90,32,4,73,0,0,0,1,7,IAM Role,63.62
4,51,60,49,0,0,0,61,23,6,157,0,0,2,1,0,IAM Role,55.32
87,16,31,23,0,0,7,63,27,5,176,0,0,3,0,10,IAM User,77.75
22,95,26,8,0,1,6,44,23,8,104,0,0,4,0,4,IAM Role,57.43
58,39,76,41,0,0,7,98,19,5,38,1,0,4,0,9,AWS Service Identity,72.89
45,38,18,73,0,0,1,75,18,10,75,0,0,0,0,1,IAM User,62.95
16,6,4,100,0,1,7,5,19,7,8,1,0,2,5,5,IAM User,54.22
41,88,4,55,0,2,4,52,23,15,126,0,0,2,1,10,IAM User,95.19
8,23,89,61,0,0,7,86,19,13,49,0,0,3,0,6,IAM User,62.71
17,99,36,84,0,1,6,7,21,5,167,0,0,3,3,8,IAM User,84.16
14,50,10,91,0,0,5,74,29,0,118,0,0,0,1,7,IAM User,61.79
83,88,88,28,1,0,0,24,33,9,88,0,0,1,2,8,IAM Role,98.67
57,18,15,100,0,0,6,51,27,5,33,0,0,0,3,4,IAM User,62.88
93,16,34,52,0,3,4,89,22,14,17,0,0,3,0,4,Unknown,88.83
44,80,2,93,1,2,7,49,19,6,121,0,0,0,3,0,IAM User,79.28
20,82,68,11,0,1,6,3,31,4,138,0,0,1,0,2,IAM User,55.07
61,54,70,9,0,0,0,2,16,5,48,0,0,6,3,0,AWS Service Identity,66.4
93,3,76,89,0,1,8,74,28,13,1,0,0,2,1,3,AWS Service Identity,76.44
53,95,26,67,0,0,0,94,25,1,57,0,0,2,2,7,IAM User,75.62
1,39,33,17,0,0,2,29,28,15,138,0,0,1,1,2,IAM User,46.4
30,94,94,90,0,1,1,94,20,3,105,0,1,2,1,5,IAM User,87.69
93,87,82,10,0,3,8,45,25,13,15,0,0,5,0,6,IAM Role,94.91
52,86,3,68,0,1,1,5,27,8,20,1,0,2,1,1,IAM User,64.73
96,69,69,20,0,0,7,53,34,9,19,0,0,0,4,8,IAM User,82.01
51,67,82,7,0,2,1,98,33,3,137,0,1,4,1,8,IAM User,86.75
1,53,56,81,0,2,5,25,29,11,141,0,0,2,0,2,IAM User,69.7
88,2,64,85,0,0,0,97,20,10,73,0,0,1,1,0,Unknown,88.75
77,39,0,10,0,0,3,65,26,7,124,0,0,2,1,0,IAM Role,52.95
72,73,3,9,0,0,5,40,28,7,3,0,0,2,1,3,IAM User,57.5
97,82,3,62,0,0,6,70,24,9,101,0,0,2,3,1,IAM User,69.28
19,56,16,2,0,0,7,40,18,7,49,1,0,0,1,0,IAM User,38.08
91,71,100,75,0,0,7,8,33,15,148,0,0,3,0,5,IAM User,92.31
23,2,64,92,0,0,4,87,29,0,88,0,0,2,1,5,AWS Service Identity,59.55
98,47,79,75,0,2,2,37,24,4,154,1,1,0,2,0,AWS Service Identity,99.61
19,51,29,23,0,0,2,57,20,13,101,0,0,0,2,6,AWS Service Identity,49.9
55,90,94,19,0,0,8,75,17,12,82,0,0,1,2,4,Unknown,89.7
79,31,20,68,0,0,5,8,19,5,171,0,1,2,2,2,Unknown,87.49
7,23,91,6,0,0,8,72,19,8,180,0,0,4,2,1,Unknown,75.5
6,35,3,54,0,0,3,36,20,0,82,1,0,1,0,8,IAM User,43.42
85,17,2,45,1,0,4,55,19,2,64,0,0,3,3,1,IAM User,57.39
6,56,7,75,0,1,7,46,24,15,116,0,0,3,2,2,IAM User,64.03
61,64,79,20,0,1,6,78,27,10,31,0,0,1,2,7,IAM Role,80.06
94,80,26,76,0,0,1,18,27,0,69,0,0,1,2,6,IAM User,83.74
62,98,45,70,0,1,4,10,21,12,153,0,0,2,1,10,AWS Service Identity,89.71
48,7,47,24,0,2,1,41,20,6,162,0,0,0,4,0,IAM Role,62.11
42,24,79,36,0,0,6,11,22,9,75,0,0,0,0,2,IAM Role,60.91
64,30,35,6,1,1,0,24,28,13,70,0,0,3,2,7,IAM User,78.81
57,25,0,45,0,0,7,66,27,13,158,1,0,2,0,2,IAM User,64.24
50,83,39,26,1,0,8,82,12,2,36,1,0,2,1,4,IAM User,71.74
15,14,29,11,0,2,0,70,19,5,11,1,0,2,2,3,AWS Service Identity,50.09
66,3,73,56,1,0,5,32,24,4,13,0,0,0,1,8,IAM Role,63.78
74,86,75,57,0,2,0,82,24,14,20,0,0,1,0,8,IAM Role,95.2
71,97,9,8,0,0,3,41,23,12,159,1,0,2,1,8,IAM User,77.95
7,22,80,18,0,3,3,18,31,10,7,0,0,5,3,5,IAM User,60.75
70,33,7,8,0,0,4,76,23,0,60,0,0,3,2,5,IAM User,52.06
73,50,62,68,0,0,8,52,25,12,108,0,1,1,1,6,AWS Service Identity,82.02
18,53,39,34,0,0,4,37,25,8,110,1,0,2,0,0,AWS Service Identity,51.9
85,100,30,7,0,1,3,66,23,4,150,1,1,0,1,6,IAM User,92.75
52,40,48,19,0,3,0,73,25,7,177,0,0,1,5,3,AWS Service Identity,92.01
47,1,31,98,0,1,7,22,31,7,72,0,0,0,4,10,IAM User,69.66
72,42,80,25,1,0,2,11,24,4,42,1,0,1,1,2,AWS Service Identity,64.69
51,56,97,69,0,0,4,52,23,14,16,0,0,1,1,0,IAM User,69.27
55,52,82,47,0,2,0,5,20,14,161,0,0,0,1,10,IAM User,95.5
31,51,44,18,0,0,2,64,19,0,67,0,1,1,2,1,AWS Service Identity,51.98
93,93,50,31,0,0,4,44,26,14,162,0,0,0,3,5,IAM User,92.28
97,81,45,1,0,0,8,21,27,6,62,1,0,1,2,4,IAM User,83.58
13,25,80,75,1,1,2,60,22,12,136,0,1,0,2,2,IAM User,80.57
74,35,55,33,0,1,5,37,25,12,116,0,1,1,4,5,IAM User,92.41
2,67,47,50,0,0,7,39,25,9,129,0,0,3,2,8,IAM Role,72.06
37,41,41,15,0,0,3,21,27,11,118,0,0,3,3,1,AWS Service Identity,50.85
97,43,37,83,0,2,2,68,36,10,55,1,0,2,2,7,AWS Service Identity,97.29
17,16,55,22,0,0,0,91,24,13,18,0,0,3,3,9,IAM User,51.88
38,25,69,57,0,3,8,62,21,6,1,0,1,1,3,3,IAM Role,76.63
22,74,43,88,0,1,0,23,25,11,76,0,1,3,3,7,IAM User,81.06
73,85,81,72,0,1,1,84,27,15,161,0,0,1,1,10,IAM User,100.0
46,79,83,60,0,3,1,12,24,15,116,1,0,1,0,10,IAM User,100.0
59,31,43,89,1,3,6,29,21,2,122,0,0,3,3,7,AWS Service Identity,94.7
95,13,91,17,0,0,3,3,25,7,46,0,1,3,1,10,AWS Service Identity,77.48
52,16,17,97,0,0,6,85,20,8,87,1,0,0,0,8,AWS Service Identity,66.68
74,39,94,56,0,3,5,4,21,9,73,0,0,0,1,5,IAM Role,81.53
9,52,29,41,0,0,0,55,20,10,24,0,1,4,0,1,IAM User,52.37
21,90,56,25,0,0,2,19,20,13,111,0,0,2,1,9,IAM Role,65.04
95,90,28,75,0,1,0,21,31,8,65,1,1,1,1,3,IAM Role,89.87
86,0,44,98,0,2,0,61,21,11,72,0,0,0,0,8,IAM User,82.92
66,71,34,69,0,0,4,81,24,14,108,0,0,0,2,7,IAM User,82.73
38,30,71,3,0,1,2,1,22,1,5,0,0,4,0,3,IAM User,38.3
20,19,8,47,0,0,0,16,23,10,169,0,0,1,2,8,Unknown,60.21
86,56,84,73,0,0,3,28,26,5,40,0,0,3,0,7,IAM User,67.83
79,3,91,40,0,0,4,95,29,14,122,0,0,0,1,8,Unknown,90.34
24,33,56,78,0,2,8,5,25,8,140,0,0,2,0,10,IAM User,77.49
59,55,55,71,0,1,5,18,14,9,27,0,0,2,3,3,IAM Role,61.53
62,27,70,6,0,2,3,40,23,12,44,0,0,1,0,8,IAM User,71.64
48,59,20,56,0,0,4,32,23,3,74,0,0,1,3,0,IAM User,56.06
93,46,75,17,0,0,0,4,26,8,148,0,0,1,0,7,IAM User,72.34
12,80,22,49,1,1,3,54,30,12,115,1,0,2,2,1,IAM User,77.25
26,18,68,38,0,1,5,61,23,12,84,0,0,3,1,2,AWS Service Identity,63.92
9,5,30,81,0,0,0,17,28,3,153,1,0,1,3,2,IAM User,52.37
69,53,75,87,0,1,8,69,20,13,85,1,0,1,3,9,IAM Role,100.0
65,25,79,46,0,1,4,5,26,2,160,1,0,3,2,4,IAM User,82.48
99,71,21,54,0,0,7,73,36,4,139,0,0,1,4,4,IAM User,83.46
54,9,62,63,0,0,2,26,20,13,31,0,0,3,1,3,IAM Role,65.89
15,58,50,66,1,0,7,22,22,9,69,0,0,0,0,6,IAM User,64.83
45,99,29,64,0,0,3,19,24,8,4,0,0,2,3,10,Unknown,79.24
8,9,59,79,0,2,8,87,31,8,43,0,0,3,0,7,AWS Service Identity,71.04
67,30,100,99,0,1,4,50,25,15,4,0,0,2,1,1,IAM Role,85.47
68,85,0,83,0,0,5,69,24,3,19,0,0,1,0,5,IAM User,57.36
86,53,96,13,0,2,1,20,27,4,0,0,0,5,2,1,IAM User,75.62
34,17,86,48,1,0,8,5,21,7,121,0,0,3,1,1,AWS Service Identity,72.04
31,21,53,46,0,1,1,3,19,13,74,1,0,0,1,2,IAM User,57.14
7,77,61,51,0,3,0,44,27,8,85,0,0,4,0,7,IAM User,78.17
41,86,37,53,0,0,3,32,24,11,138,0,0,2,2,9,IAM User,85.93
48,36,13,72,0,1,7,77,31,13,146,0,0,3,6,2,AWS Service Identity,84.74
76,47,57,42,0,1,8,79,28,14,96,0,0,1,0,10,IAM Role,88.91
76,79,82,26,0,1,7,31,32,7,82,1,0,0,5,2,AWS Service Identity,86.92
14,17,23,46,0,1,4,43,23,7,117,0,0,0,1,3,AWS Service Identity,44.82
28,20,72,86,0,0,8,38,23,1,75,0,0,2,1,1,IAM User,52.29
51,78,75,31,0,1,4,68,29,1,80,0,0,2,0,0,AWS Service Identity,62.89
33,18,76,2,0,5,4,63,18,7,54,0,0,2,1,6,IAM User,72.72
2,77,34,98,1,1,1,65,20,11,34,1,0,1,3,4,IAM Role,77.94
85,50,39,19,0,1,7,5,20,13,36,1,1,2,3,1,IAM User,86.86
73,99,42,60,0,1,2,34,28,6,118,0,0,2,3,6,Unknown,95.96
52,3,86,80,0,0,1,97,25,9,150,0,0,1,2,3,IAM User,86.63
32,95,90,27,0,0,3,34,27,13,76,0,1,0,1,4,IAM User,77.11
85,22,41,34,0,0,5,17,30,5,17,0,0,0,1,9,IAM User,59.08
3,3,97,28,0,0,2,20,27,2,110,0,0,1,3,4,IAM User,42.26
45,73,57,15,0,0,3,2,24,14,163,0,0,0,1,4,IAM User,77.84
80,53,38,15,0,0,2,78,20,8,95,0,0,4,1,7,IAM Role,74.92
96,84,0,18,0,1,5,0,21,2,4,1,0,2,2,9,IAM User,62.98
25,10,61,46,0,1,6,60,30,4,14,0,0,2,0,8,AWS Service Identity,53.07
65,8,65,53,0,1,6,40,34,5,94,0,0,0,1,5,IAM User,67.03
19,57,97,1,0,1,1,9,23,3,155,0,0,0,4,3,IAM Role,58.71
11,89,72,85,0,1,3,89,20,6,10,1,1,2,2,1,IAM User,83.89
35,40,2,68,0,1,5,74,16,13,136,0,0,0,3,1,IAM Role,56.9
89,80,57,7,0,0,1,82,32,11,141,0,0,2,3,8,IAM Role,88.91
69,91,75,85,0,0,0,94,25,14,9,0,1,0,4,8,IAM User,100.0
49,87,50,3,0,1,2,92,28,13,38,0,0,1,3,3,Unknown,85.08
28,51,43,56,0,1,6,70,20,4,0,0,0,1,1,10,IAM User,70.56
14,70,81,46,1,0,5,53,28,0,102,0,0,5,1,10,IAM User,77.09
27,53,61,50,0,0,1,70,29,2,31,0,0,4,2,6,IAM Role,63.03
15,68,68,96,0,0,6,45,22,12,165,0,0,2,3,2,AWS Service Identity,87.82
18,57,46,93,0,1,1,18,20,5,16,0,1,2,2,5,IAM User,67.44
69,53,28,28,0,1,6,38,21,11,117,0,0,4,1,9,IAM User,83.51
13,44,52,58,0,0,5,47,19,7,142,0,0,2,1,5,AWS Service Identity,52.88
4,65,96,96,0,1,1,4,19,14,32,0,0,1,2,5,IAM Role,79.73
54,75,60,73,0,0,3,85,26,8,45,0,0,0,0,5,Unknown,76.69
28,92,71,89,0,1,7,91,25,14,144,1,0,3,1,9,IAM Role,100.0
45,61,12,43,0,0,3,42,37,4,16,0,0,3,1,4,IAM Role,52.43
14,10,99,28,1,0,6,50,26,12,79,0,0,0,0,2,IAM User,59.35
21,59,24,51,0,1,6,84,27,8,45,0,0,2,1,5,AWS Service Identity,55.41
44,31,98,82,0,1,0,45,26,3,2,0,1,1,2,6,IAM User,76.32
69,2,45,93,1,0,8,69,26,3,81,0,0,5,0,10,IAM Role,88.22
41,7,92,69,0,0,3,52,20,5,88,0,1,0,2,1,IAM User,75.57
54,59,90,71,0,1,7,27,23,2,62,0,0,2,1,10,IAM Role,77.44
52,95,76,51,0,1,4,80,23,14,147,0,0,1,2,8,IAM Role,95.28
27,51,92,32,0,0,5,19,25,3,17,0,0,3,2,7,IAM Role,54.54
28,44,61,42,0,0,3,22,24,9,77,0,0,0,2,2,AWS Service Identity,61.87
42,8,85,50,0,1,7,69,22,9,32,0,0,0,2,2,IAM User,63.63
3,68,17,82,0,3,1,71,21,8,137,0,0,1,0,4,IAM Role,74.64
69,5,7,56,0,1,8,96,22,10,100,0,0,5,1,2,IAM User,75.3
62,84,54,80,0,0,1,71,35,14,127,0,0,0,2,7,IAM User,100.0
30,82,81,2,0,2,7,2,20,15,19,0,0,1,0,8,IAM User,68.24
37,100,77,76,0,2,0,85,24,13,82,0,0,2,4,5,IAM User,96.49
33,28,53,51,1,1,0,41,33,7,9,1,0,1,0,7,IAM User,75.91
65,16,52,100,0,0,0,0,21,11,58,0,0,1,0,8,IAM Role,71.84
76,30,61,47,0,0,4,58,23,2,171,0,0,4,1,10,IAM Role,83.37
10,80,87,48,0,1,2,17,24,14,131,1,0,0,0,7,IAM Role,83.89
41,22,85,12,0,1,5,42,20,3,14,1,1,0,4,2,IAM User,66.83
1,89,11,81,0,0,7,47,29,1,66,0,1,0,2,1,IAM User,59.68
45,15,60,70,1,1,0,7,22,13,157,1,0,0,1,10,IAM User,91.39
25,4,38,87,0,1,4,85,24,12,30,0,0,2,2,8,AWS Service Identity,67.97
33,22,80,9,0,2,6,51,29,2,137,1,0,0,1,9,AWS Service Identity,68.81
46,76,51,21,0,0,3,97,23,15,58,0,0,0,1,4,IAM User,68.72
32,60,100,88,0,0,8,46,24,1,86,0,0,1,0,1,IAM Role,62.2
39,35,43,4,0,2,5,60,23,0,158,1,1,0,0,6,IAM User,67.84
77,66,68,51,0,0,0,82,19,15,121,0,1,2,1,7,IAM User,99.06
81,65,10,40,0,1,4,21,29,3,51,1,0,0,2,2,IAM User,65.0
0,56,94,94,0,2,3,91,33,3,1,0,0,1,2,5,IAM User,72.92
38,51,15,86,0,1,1,18,31,12,42,0,0,2,1,4,IAM Role,65.55
85,10,38,90,0,0,8,100,20,9,75,1,0,2,1,2,AWS Service Identity,76.77
53,26,84,29,0,3,2,64,28,8,24,0,0,1,1,8,IAM User,78.05
20,53,97,59,0,0,0,52,30,15,159,1,0,1,0,5,IAM Role,78.67
59,13,48,70,0,1,2,21,25,1,9,1,0,1,2,10,IAM Role,64.97
14,48,48,97,1,0,7,57,29,14,97,0,1,1,0,0,Unknown,75.95
2,11,4,0,0,0,5,55,26,4,176,0,0,2,4,10,IAM Role,48.99
63,79,98,98,0,1,7,99,26,9,60,0,0,1,0,7,IAM User,91.52
52,10,1,35,0,0,4,84,21,5,97,0,1,3,1,7,IAM Role,61.12
76,9,2,12,1,1,1,48,29,4,13,0,0,2,2,3,IAM User,54.83
34,64,47,62,0,0,3,39,24,5,132,0,0,2,1,0,Unknown,61.89
86,22,0,78,0,0,1,39,27,8,176,0,0,1,1,2,IAM User,80.69
42,35,16,13,0,1,5,38,30,14,139,0,0,0,1,4,IAM Role,58.73
74,31,63,4,0,0,2,1,25,1,27,0,0,2,5,3,IAM User,64.03
10,21,71,90,0,0,8,3,25,10,63,0,1,1,4,2,IAM User,63.47
9,76,30,94,0,2,3,75,22,13,130,0,0,3,1,0,AWS Service Identity,81.22
79,69,80,15,0,1,2,25,32,11,144,0,0,2,2,7,IAM Role,84.34
84,24,61,91,0,0,8,41,22,15,73,0,0,0,0,7,IAM User,82.1
95,69,23,91,0,1,4,70,24,0,174,0,0,2,1,1,AWS Service Identity,77.31
32,72,71,100,0,0,1,61,29,5,36,0,1,1,1,8,AWS Service Identity,84.27
2,54,59,21,0,1,4,36,27,6,134,1,0,3,1,10,IAM User,69.58
98,58,82,58,1,1,2,75,25,8,89,0,0,1,4,10,IAM Role,100.0
60,94,15,100,0,1,6,15,22,5,128,0,0,5,0,2,IAM User,82.97
24,45,23,91,0,1,5,47,28,4,107,1,0,0,0,4,IAM Role,62.39
77,38,30,61,0,0,6,10,24,13,78,1,1,2,1,0,IAM User,79.07
91,54,34,19,0,0,8,53,28,3,147,0,0,5,3,0,IAM User,82.26
28,84,89,8,0,1,6,9,32,15,152,1,0,2,2,9,AWS Service Identity,87.98
77,71,73,26,0,1,3,95,34,0,147,0,0,0,1,10,AWS Service Identity,82.12
79,7,54,6,0,1,1,66,27,6,16,0,0,3,3,2,AWS Service Identity,60.82
50,46,54,19,0,2,4,24,20,9,76,0,0,2,0,5,Unknown,82.01
63,74,89,7,1,1,4,61,27,15,135,0,0,1,0,0,IAM Role,83.84
27,22,45,76,0,0,2,35,22,12,156,1,0,2,1,8,AWS Service Identity,64.54
93,99,22,59,0,0,7,52,19,0,65,1,1,1,2,6,AWS Service Identity,77.48
99,81,13,52,0,2,8,16,24,11,134,1,0,3,1,3,IAM User,91.82
99,85,33,81,0,1,3,50,22,5,102,0,0,1,1,10,IAM User,90.61
74,8,65,41,0,0,6,10,27,13,39,0,0,2,2,1,IAM User,60.61
4,58,47,40,0,1,8,15,26,12,161,0,0,3,1,2,IAM Role,62.88
37,53,42,20,0,0,0,58,22,3,80,0,0,4,1,8,IAM User,62.81
44,63,48,44,0,1,3,50,30,5,109,0,0,2,4,4,IAM User,77.12
96,85,98,17,0,0,6,29,29,13,52,1,0,2,3,7,IAM Role,93.12
55,35,100,59,0,1,4,6,26,14,4,0,0,1,1,2,IAM User,74.37
54,53,16,100,1,1,7,42,28,9,81,0,0,0,0,7,IAM User,82.15
14,68,11,53,0,0,4,93,28,3,130,1,0,1,1,6,AWS Service Identity,65.49
80,76,24,30,0,0,0,71,30,6,59,0,1,2,1,0,AWS Service Identity,69.29
33,77,86,69,0,1,3,5,19,12,168,0,0,3,0,3,IAM User,82.35
9,34,46,82,0,0,3,94,21,9,135,0,1,2,2,3,IAM User,78.13
99,100,87,47,0,2,7,42,21,3,116,0,0,2,2,6,IAM User,100.0
19,0,65,25,0,0,1,58,25,4,146,0,0,2,1,4,AWS Service Identity,50.96
1,49,55,72,1,0,1,0,21,3,155,0,0,4,2,5,AWS Service Identity,67.17
7,61,28,18,0,1,1,31,29,7,130,0,0,2,1,1,IAM User,51.94
45,6,34,100,0,0,5,79,21,7,149,0,0,2,1,10,AWS Service Identity,72.34
10,45,14,32,0,0,8,33,17,8,129,0,0,2,2,8,IAM User,55.66
85,60,52,35,0,0,5,16,41,15,155,0,0,2,1,7,IAM User,84.21
51,61,28,73,0,1,7,9,27,10,18,0,0,5,2,3,Unknown,70.21
32,12,29,1,0,0,7,93,17,9,62,0,0,0,1,7,IAM User,45.8
0,28,3,20,0,0,5,82,31,5,160,0,0,2,2,2,IAM User,47.05
48,24,80,12,0,0,5,4,35,10,85,0,0,2,0,5,IAM User,63.26
15,64,94,39,0,0,2,93,19,15,2,0,0,2,1,2,IAM Role,66.84
98,33,50,55,0,1,8,82,26,0,153,0,1,1,1,3,AWS Service Identity,79.42
29,57,54,18,0,2,7,36,23,5,118,1,0,3,0,7,Unknown,77.62
47,73,93,34,0,1,7,66,18,0,164,0,0,0,1,3,IAM User,74.15
1,80,51,77,0,0,8,26,30,3,2,0,0,0,2,8,IAM User,50.39
13,18,62,94,0,0,3,25,22,1,26,0,0,1,2,5,AWS Service Identity,37.15
20,91,43,1,0,1,1,72,24,9,92,0,0,2,0,10,IAM User,62.35
5,16,51,63,0,0,7,20,26,13,32,0,0,2,1,2,AWS Service Identity,48.85
73,2,52,2,0,0,4,35,28,15,94,0,0,1,0,10,IAM Role,72.02
95,4,71,52,0,0,8,36,18,3,62,1,0,2,0,1,IAM User,70.78
99,20,61,88,0,1,6,15,22,11,38,0,1,1,1,6,AWS Service Identity,82.29
26,88,50,80,0,1,2,83,18,5,139,0,0,1,0,4,IAM User,70.61
79,20,7,23,0,0,3,68,21,5,7,0,0,0,2,8,IAM User,54.45
50,70,91,26,0,0,5,87,14,9,158,1,0,0,1,1,IAM Role,81.36
4,42,89,79,0,0,3,52,29,10,27,1,0,2,1,2,IAM Role,66.3
9,4,18,82,0,1,2,17,29,9,105,0,0,2,2,2,IAM Role,54.73
55,44,29,28,0,0,1,28,25,1,179,0,0,0,0,10,IAM Role,65.1
42,2,98,0,0,1,5,35,22,6,20,1,0,1,2,5,Unknown,74.85
0,48,32,44,0,0,0,95,29,4,167,1,0,2,5,1,Unknown,73.3
93,56,82,62,0,2,0,23,21,0,54,0,0,1,1,8,IAM Role,93.97
73,52,79,44,0,1,0,70,19,0,134,1,0,2,0,3,IAM User,73.5
50,28,86,94,0,2,6,12,27,7,155,0,0,1,1,2,IAM Role,77.13
99,77,1,82,0,0,0,96,14,1,41,0,0,4,2,5,Unknown,88.87
98,60,48,79,0,1,3,65,27,11,62,0,0,2,2,8,IAM User,98.79
98,25,57,2,0,0,1,43,19,0,155,0,0,4,1,9,IAM User,74.97
26,43,84,86,0,4,5,34,22,3,18,0,0,1,1,0,IAM User,68.41
88,10,22,76,0,1,0,35,27,15,19,0,0,0,2,9,IAM User,86.41
50,93,30,40,0,1,0,22,21,11,54,0,0,1,0,10,IAM Role,69.0
73,76,18,59,0,1,3,60,23,8,109,0,0,2,1,3,IAM User,74.96
86,29,76,83,0,1,6,87,31,0,146,0,0,1,3,5,AWS Service Identity,92.84
16,68,100,91,0,0,0,24,25,0,101,0,1,1,1,4,AWS Service Identity,69.75
45,68,14,55,0,0,4,75,21,14,89,0,0,2,2,5,AWS Service Identity,73.34
13,61,23,4,0,0,7,57,27,12,157,0,0,1,1,7,IAM User,60.53
28,5,31,62,0,1,5,78,19,15,31,0,0,1,2,7,IAM User,59.18
41,88,89,68,0,1,6,77,18,12,163,0,0,0,1,5,IAM Role,90.86
86,96,45,5,0,0,2,3,25,0,56,0,0,1,0,5,AWS Service Identity,49.57
87,98,28,82,0,1,8,2,19,12,49,0,0,4,1,5,IAM User,90.36
39,99,32,20,0,0,1,92,22,7,172,1,0,1,2,4,AWS Service Identity,77.11
33,93,60,89,0,0,5,15,24,11,116,0,0,2,1,1,IAM User,80.09
53,74,39,55,0,0,3,58,20,6,78,0,0,3,3,4,AWS Service Identity,69.06
92,5,14,32,0,1,0,76,25,11,59,0,0,1,1,7,IAM User,73.74
98,46,82,5,0,0,8,50,30,13,79,0,0,4,1,10,IAM User,85.75
22,24,42,1,0,1,6,0,27,15,143,1,0,1,2,8,IAM Role,69.44
18,22,25,74,0,1,2,1,41,8,27,0,0,0,3,9,IAM User,59.63
71,83,73,38,1,1,0,67,27,4,31,0,0,1,2,8,IAM User,85.27
30,82,75,84,0,0,6,90,26,9,55,0,0,0,1,5,IAM User,77.61
20,52,15,23,0,2,4,34,32,7,87,0,0,3,3,7,IAM User,69.92
3,74,7,92,0,1,0,54,19,3,147,0,0,1,1,9,AWS Service Identity,62.75
40,13,4,95,0,2,8,94,32,11,38,0,0,3,1,2,IAM User,65.65
39,22,77,10,0,0,6,83,28,1,142,0,0,0,1,1,IAM Role,52.73
56,86,63,65,0,0,4,54,18,6,164,0,0,1,4,2,AWS Service Identity,82.77
20,45,79,94,0,1,2,66,29,11,78,0,1,0,2,5,IAM User,78.86
72,55,63,32,0,0,2,97,23,14,173,1,0,0,4,8,IAM User,96.19
68,46,40,6,0,1,4,80,20,9,161,1,0,1,0,4,AWS Service Identity,74.67
46,20,59,88,0,0,0,42,22,15,144,0,0,3,2,10,AWS Service Identity,86.1
18,83,72,47,0,1,3,69,28,13,68,0,0,1,0,3,IAM Role,77.38
51,76,40,2,0,1,1,33,31,3,54,0,0,1,0,5,AWS Service Identity,54.21
68,69,92,84,0,0,1,93,21,13,156,0,0,1,3,10,IAM User,100.0
37,35,90,68,0,1,1,9,24,5,79,1,0,1,1,1,IAM User,76.86
26,64,80,7,0,1,3,22,30,10,5,0,0,2,3,9,IAM Role,69.73
51,96,100,26,0,5,3,34,18,3,129,0,0,1,0,1,IAM User,81.69
35,65,39,1,0,0,3,20,26,8,62,0,0,1,0,9,AWS Service Identity,44.88
40,49,11,96,0,4,6,60,26,10,169,0,0,4,1,3,IAM Role,88.79
35,27,48,2,1,4,4,71,23,14,154,0,0,1,1,6,AWS Service Identity,86.27
30,52,75,80,0,1,1,89,28,15,18,1,0,1,1,7,IAM User,75.21
72,37,78,51,0,1,8,50,37,12,163,0,0,1,0,4,IAM User,85.04
46,61,39,58,0,0,6,62,32,8,171,0,0,3,1,6,IAM User,82.14
47,4,29,81,0,0,4,60,28,14,136,1,0,0,2,8,IAM User,67.51
65,19,44,90,0,0,0,0,22,1,49,0,0,3,2,9,AWS Service Identity,65.29
36,79,81,12,0,0,8,71,34,15,121,0,1,0,1,1,IAM User,79.99
10,38,6,1,0,2,6,2,35,3,157,0,0,2,0,5,IAM User,43.38
86,43,33,12,0,0,4,55,31,6,147,0,0,1,0,9,IAM User,67.79
5,54,23,68,0,0,1,100,27,14,78,0,0,1,1,6,IAM User,60.57
57,44,81,57,0,2,0,79,34,11,128,0,0,2,2,0,AWS Service Identity,72.58
26,76,47,8,0,2,2,51,17,13,69,0,0,3,1,1,IAM User,66.03
21,24,8,23,0,2,2,32,15,11,46,0,1,1,0,9,Unknown,65.52
4,76,26,54,0,0,1,84,26,9,121,0,1,2,2,4,IAM User,65.16
90,21,4,73,0,0,3,86,26,2,84,1,0,1,5,7,IAM Role,83.83
43,37,48,34,0,0,0,37,21,15,40,0,0,0,2,9,IAM User,66.01
34,59,100,95,0,2,2,10,22,10,119,0,0,1,1,0,IAM User,83.34
74,89,57,100,0,1,7,58,23,10,58,0,0,0,1,5,AWS Service Identity,82.99
3,23,87,77,0,0,7,64,24,6,106,0,0,1,0,1,Unknown,65.63
57,59,75,45,0,1,0,94,30,15,65,0,1,2,2,9,AWS Service Identity,97.18
49,6,89,88,0,0,6,89,25,7,160,0,0,1,2,4,IAM User,79.09
55,7,31,73,0,0,8,23,25,3,153,0,0,1,3,9,IAM User,72.42
12,77,96,52,1,0,5,25,31,2,85,1,0,1,1,3,IAM Role,72.98
96,72,24,44,0,2,3,100,18,11,128,0,0,1,0,1,IAM User,89.93
24,38,44,84,0,1,4,33,25,11,32,1,0,3,0,9,IAM Role,78.11
68,62,68,56,0,1,1,46,22,3,180,0,0,1,2,6,IAM Role,81.85
75,38,28,18,0,0,3,30,24,11,38,0,0,2,2,2,IAM Role,56.86
34,28,26,100,0,1,8,39,31,15,156,0,0,1,2,7,AWS Service Identity,73.83
13,43,13,6,0,0,5,56,27,8,153,0,0,0,1,4,IAM Role,48.65
29,31,0,70,0,0,3,29,29,15,32,0,0,1,2,0,IAM User,49.85
81,82,50,66,0,1,1,41,29,2,1,0,0,1,2,2,IAM User,69.79
91,41,99,59,1,0,8,35,20,6,133,0,0,1,2,8,IAM Role,100.0
94,32,22,5,0,1,1,10,23,8,157,1,0,0,2,1,IAM User,79.27
22,54,44,49,0,1,6,79,23,5,129,1,0,1,4,3,IAM User,74.3
61,76,94,90,0,2,2,90,31,1,10,0,1,3,0,2,IAM User,83.32
15,27,78,24,0,1,2,49,16,7,116,1,0,3,3,8,AWS Service Identity,77.49
71,94,0,69,0,2,1,20,25,5,70,0,0,2,0,9,AWS Service Identity,76.28
42,46,50,86,1,2,3,64,30,3,165,0,1,1,0,8,IAM Role,93.9
72,66,14,96,0,0,6,53,27,5,144,0,1,3,1,7,IAM User,89.16
69,96,24,52,0,2,3,55,20,6,144,0,0,0,0,0,IAM User,74.37
100,43,24,31,0,0,0,60,24,14,73,0,0,1,5,10,IAM Role,85.35
49,20,61,70,0,1,2,72,20,7,58,0,0,2,1,1,IAM User,69.41
34,75,20,49,1,1,1,4,23,6,148,1,0,3,3,4,IAM Role,79.69
53,0,25,63,0,0,3,10,23,6,20,0,0,0,0,9,IAM Role,48.3
16,46,22,74,0,0,8,9,26,9,18,0,1,2,1,2,IAM User,52.75
11,98,36,71,0,0,8,15,28,4,11,0,0,1,0,2,IAM User,44.17
52,41,66,24,0,1,8,98,25,13,92,0,0,1,2,0,IAM User,80.23
83,69,40,76,0,1,1,73,26,6,13,0,0,1,0,3,AWS Service Identity,72.1
53,53,33,54,0,0,4,67,24,6,105,0,0,2,4,5,IAM Role,74.09
78,21,52,94,0,1,0,70,23,1,30,0,0,3,4,5,IAM User,82.99
17,32,62,66,0,0,4,3,21,14,161,0,0,3,0,0,AWS Service Identity,50.74
45,52,1,90,0,0,5,21,20,7,78,0,1,2,1,2,IAM User,62.05
61,10,89,98,0,2,6,80,24,2,16,0,0,4,2,0,IAM User,71.93
35,41,92,100,1,1,3,46,24,2,125,0,0,1,3,2,AWS Service Identity,80.94
1,41,60,75,0,1,0,51,18,5,61,0,0,2,0,6,IAM User,59.63
7,84,58,60,0,2,4,75,15,12,47,1,1,2,0,0,IAM User,78.58
93,12,70,11,0,0,3,7,25,1,119,0,0,1,1,1,IAM Role,61.29
61,85,44,38,0,0,5,80,23,1,172,0,0,5,1,5,IAM User,75.69
26,41,36,48,0,0,0,68,23,8,177,0,0,2,1,6,IAM Role,62.97
26,65,35,78,0,0,5,40,18,7,78,0,0,0,2,9,IAM User,68.62
3,56,16,59,1,0,3,50,27,15,153,0,0,3,2,6,IAM User,77.28
95,30,84,44,0,1,6,7,24,12,37,0,0,3,0,10,IAM User,79.77
10,94,32,14,0,1,8,20,29,10,153,1,0,0,0,7,IAM User,72.29
76,22,28,72,1,1,2,24,16,5,170,0,1,3,2,6,IAM User,99.13
24,3,97,43,0,1,6,88,31,10,93,0,1,0,0,4,IAM User,70.87
33,75,51,3,0,0,1,11,23,9,94,0,0,2,0,1,AWS Service Identity,42.08
27,62,62,28,0,2,8,29,21,4,102,0,1,0,2,7,IAM User,73.71
83,89,24,88,0,0,4,13,26,5,13,0,0,0,0,10,IAM User,74.38
3,46,28,12,0,0,6,28,26,14,155,0,0,4,2,4,IAM User,58.44
35,1,73,41,0,2,6,1,35,8,133,0,1,1,0,3,IAM User,72.41
28,2,45,51,0,0,5,27,38,7,157,0,0,3,1,1,IAM User,55.58
27,43,14,8,0,0,3,73,30,12,20,0,0,1,1,6,IAM Role,55.66
19,25,84,16,1,2,6,77,27,4,145,0,0,3,0,3,IAM User,76.17
92,93,40,94,1,2,4,38,19,3,65,0,0,3,1,0,AWS Service Identity,91.05
38,11,67,59,1,0,5,71,21,15,148,1,0,1,2,0,AWS Service Identity,81.59
42,88,34,21,0,1,5,62,31,12,179,1,1,1,2,3,IAM User,95.69
38,21,56,17,0,1,4,91,29,6,159,0,0,3,0,5,IAM User,71.66
99,12,78,42,0,0,1,81,24,15,165,0,0,2,4,5,IAM User,97.89
34,27,89,73,0,1,2,23,27,5,20,0,0,0,1,8,IAM Role,59.73
34,14,20,73,0,0,8,59,29,10,59,1,0,1,1,5,IAM User,57.16
33,40,67,19,0,1,4,79,30,0,52,0,0,0,0,8,AWS Service Identity,41.07
33,33,92,73,0,0,5,30,28,11,92,0,0,2,1,3,AWS Service Identity,66.33
9,53,64,90,0,2,2,57,29,2,176,0,0,2,3,2,AWS Service Identity,72.15
61,54,14,22,0,1,6,40,25,3,124,1,0,1,2,5,IAM Role,66.43
2,0,19,2,0,0,4,31,23,12,98,0,0,0,1,1,Unknown,43.61
22,12,20,96,0,1,1,20,19,3,145,1,0,2,0,8,IAM User,65.61
20,16,10,52,1,1,1,3,28,7,31,0,0,4,2,2,IAM User,61.72
29,19,76,78,0,0,3,75,23,14,119,0,0,4,2,10,IAM User,83.55
76,9,97,32,1,0,5,82,18,15,91,0,0,3,2,10,AWS Service Identity,87.88
60,31,52,30,0,0,2,65,17,7,36,0,0,2,1,5,IAM Role,54.28
100,55,60,22,0,0,2,24,15,1,116,0,0,0,1,3,AWS Service Identity,66.04
35,31,78,21,0,1,2,1,31,4,152,0,1,2,1,3,IAM User,71.54
93,33,41,47,0,0,2,63,36,9,149,0,1,2,0,4,Unknown,88.62
4,47,47,10,0,0,6,20,27,5,152,0,0,1,0,5,IAM User,42.68
50,55,59,85,0,1,4,55,26,11,147,0,0,2,4,0,IAM User,94.47
80,33,30,51,0,1,4,97,34,15,84,0,0,1,0,2,Unknown,78.64
53,22,6,92,0,2,1,0,20,9,8,0,1,0,2,8,IAM User,73.93
94,41,57,50,0,2,4,58,27,9,174,0,0,1,0,0,IAM User,84.76
31,2,83,30,0,0,8,100,18,8,82,0,0,3,2,4,IAM Role,63.77
3,49,7,52,0,0,6,33,30,2,114,1,1,3,4,9,IAM User,72.32
78,95,21,15,0,0,4,82,25,9,3,1,0,0,2,0,IAM User,70.06
6,40,26,83,0,1,2,83,34,14,160,0,0,4,3,10,IAM User,85.67
77,10,81,72,0,0,3,49,20,11,160,0,0,2,0,5,IAM User,88.6
74,71,50,14,0,0,0,30,30,12,168,1,1,0,2,4,AWS Service Identity,84.55
85,12,53,58,0,1,0,68,29,13,31,0,0,3,1,7,IAM Role,94.41
48,19,65,54,1,1,6,62,19,6,152,0,1,0,1,8,IAM User,79.56
90,14,27,20,1,0,7,48,21,5,113,0,0,3,1,5,IAM User,65.99
17,89,72,12,0,2,8,19,29,15,26,0,0,3,1,0,IAM User,70.44
43,99,3,76,0,1,5,75,27,7,103,0,1,1,0,10,IAM Role,81.74
12,57,11,26,0,2,8,21,30,11,86,1,0,1,4,0,AWS Service Identity,61.33
77,62,82,52,0,1,3,13,24,10,113,0,0,1,3,9,AWS Service Identity,83.8
72,65,66,25,0,0,2,6,11,1,15,0,0,2,1,4,IAM User,58.54
81,61,17,65,0,1,2,45,20,5,101,0,0,1,0,5,IAM User,75.51
77,54,44,4,0,0,2,12,19,5,122,0,0,3,1,8,IAM User,67.36
31,99,5,36,0,0,6,33,27,2,129,0,0,1,1,10,IAM Role,61.82
6,74,67,55,0,1,0,24,22,12,139,1,0,3,2,1,IAM User,72.47
93,8,76,44,0,0,8,46,24,15,113,0,1,1,1,8,IAM Role,89.21
49,39,28,61,0,2,6,78,18,15,126,0,1,2,1,7,IAM Role,94.27
9,98,35,18,0,1,3,45,23,3,16,1,0,1,0,4,IAM User,47.65
93,40,23,44,0,2,6,56,37,7,144,0,1,2,2,4,IAM User,86.19
100,20,39,76,0,1,1,14,34,3,66,0,0,0,0,8,IAM User,77.17
44,87,27,33,0,0,3,11,20,1,99,0,0,1,2,1,IAM User,49.69
77,62,24,15,1,0,0,98,21,9,98,0,1,5,0,5,IAM User,90.98
3,56,43,85,0,0,1,62,17,13,176,1,0,3,0,7,IAM Role,78.19
9,42,86,78,0,1,0,1,29,1,58,0,1,3,0,5,IAM User,61.66
27,12,77,68,0,1,7,57,23,10,69,0,0,4,3,4,IAM User,80.17
66,38,30,80,0,0,6,1,25,0,137,1,0,4,1,5,IAM Role,75.45
13,44,95,78,0,0,8,7,31,13,114,1,0,1,0,5,AWS Service Identity,69.74
3,94,21,75,0,0,8,37,24,1,57,0,0,1,0,8,IAM User,44.42
67,31,91,51,0,2,8,66,21,6,62,1,0,1,4,9,AWS Service Identity,92.93
77,15,31,1,0,2,8,62,24,1,149,0,0,0,3,10,AWS Service Identity,64.66
74,43,54,60,0,0,0,79,32,6,151,0,0,0,0,0,IAM Role,68.64
80,100,20,27,0,0,7,18,33,6,26,0,0,2,2,3,IAM Role,64.72
81,48,76,78,0,1,6,19,23,8,72,0,0,0,0,9,IAM User,90.74
60,38,32,47,0,0,1,53,23,13,139,0,0,0,0,7,AWS Service Identity,65.22
52,67,88,91,0,1,1,87,26,15,21,0,0,0,2,4,IAM User,82.89
86,65,8,60,0,1,8,72,25,5,33,0,0,2,0,6,AWS Service Identity,73.73
35,30,50,55,0,1,7,67,27,14,28,0,0,1,2,5,IAM Role,69.28
9,97,16,92,0,0,2,9,20,6,95,0,0,2,0,9,IAM User,66.97
75,59,89,47,0,1,0,88,23,1,81,0,0,0,3,6,IAM User,90.19
27,5,42,37,0,2,3,99,26,9,58,1,0,1,1,4,IAM Role,70.54
98,41,68,37,0,0,0,58,29,11,24,0,0,0,3,6,IAM Role,74.35
41,93,88,88,0,3,6,34,26,4,115,1,0,2,1,2,IAM User,90.2
86,39,54,76,0,1,3,66,27,9,146,0,0,1,1,8,IAM Role,93.96
4,57,5,16,0,1,0,64,20,6,38,0,1,2,4,2,AWS Service Identity,47.41
66,61,22,49,0,0,8,93,28,2,120,0,0,4,1,0,IAM User,68.37
45,71,21,37,0,2,7,11,18,6,143,0,0,2,3,0,IAM User,65.95
46,88,92,65,0,1,8,52,19,6,100,0,0,1,5,0,IAM User,88.81
26,15,91,5,0,0,8,71,21,5,103,0,1,2,0,1,AWS Service Identity,52.52
98,52,48,72,0,0,0,35,19,14,30,0,0,0,0,0,IAM User,71.84
39,53,89,74,0,0,6,84,21,6,173,0,0,3,0,3,AWS Service Identity,70.3
85,15,24,22,0,0,7,6,28,10,173,0,0,0,2,10,IAM User,77.68
42,68,68,15,0,0,7,10,32,0,128,0,0,1,0,1,IAM Role,51.99
4,11,39,63,0,0,2,79,19,5,163,0,0,0,3,7,IAM User,64.54
88,46,24,25,0,2,3,12,22,14,109,0,0,2,5,9,IAM User,84.6
18,33,25,95,0,0,8,42,25,14,119,0,0,1,2,8,AWS Service Identity,66.26
27,15,42,78,0,1,0,28,24,15,150,0,0,2,5,3,IAM User,76.33
86,83,34,96,0,1,5,69,29,0,6,0,0,2,1,0,IAM Role,72.75
90,24,21,54,0,0,7,1,20,13,39,0,1,2,0,4,Unknown,79.52
92,25,33,94,0,0,7,36,36,4,36,0,0,2,2,6,Unknown,82.68
43,86,12,1,0,4,5,99,26,0,114,0,0,3,1,8,AWS Service Identity,74.25
76,88,97,29,0,0,6,37,27,1,43,0,0,1,3,1,IAM User,72.93
33,3,38,0,0,1,8,60,25,12,70,1,1,0,3,3,IAM Role,55.16
74,28,10,68,0,0,6,99,20,9,89,0,0,1,0,6,AWS Service Identity,61.31
50,71,58,51,0,0,1,61,21,9,134,0,0,1,0,7,IAM User,81.13
5,78,89,29,0,2,2,76,21,14,93,0,0,0,2,3,IAM User,74.19
42,100,36,30,0,0,2,96,27,1,4,0,0,2,1,9,AWS Service Identity,63.84
47,56,85,65,0,0,3,62,32,1,124,0,1,1,0,8,IAM User,82.42
25,0,61,18,0,2,3,84,19,14,77,0,0,0,6,3,IAM Role,72.46
37,88,74,51,0,0,1,51,22,9,20,0,0,3,1,5,Unknown,79.79
50,16,29,61,0,1,6,82,28,12,117,0,0,2,2,5,IAM Role,72.3
5,12,3,24,1,1,0,64,29,8,48,0,0,0,0,7,IAM User,46.02
15,68,34,23,0,0,7,34,22,2,83,0,0,0,1,3,IAM User,46.9
77,60,93,35,0,0,5,56,22,8,175,0,1,2,3,3,IAM User,86.71
35,6,79,59,0,1,8,33,12,15,43,0,0,0,2,4,IAM User,70.89
61,17,79,25,1,0,0,40,26,1,160,1,1,0,1,2,AWS Service Identity,70.24
57,59,88,38,0,2,2,29,21,2,84,0,0,4,4,6,AWS Service Identity,81.13
55,25,37,54,0,0,8,49,25,5,168,0,0,2,2,10,IAM User,75.2
41,69,32,18,0,1,4,35,24,7,153,0,0,2,4,3,IAM User,72.54
48,41,93,57,0,1,5,63,22,10,150,1,0,3,0,9,AWS Service Identity,83.82
83,59,57,13,0,0,0,37,23,2,37,0,0,0,0,5,IAM User,59.15
97,47,30,14,0,0,6,49,31,14,143,0,0,1,1,1,IAM Role,75.58
25,36,28,23,0,1,2,14,13,2,66,1,0,1,0,5,IAM User,40.14
67,34,88,28,0,0,8,39,17,3,164,0,1,3,3,5,IAM Role,76.87
97,70,5,3,0,0,3,35,15,15,179,0,0,3,0,0,IAM User,78.75
0,51,6,97,0,1,1,97,30,6,110,1,0,0,2,5,IAM Role,69.5
79,60,74,31,0,1,5,45,28,9,165,1,1,2,2,1,IAM User,97.81
50,58,0,81,0,0,4,2,32,6,96,0,0,1,1,8,IAM Role,59.04
97,20,17,91,0,2,4,31,26,4,6,0,0,1,2,5,IAM User,77.01
58,92,100,80,0,0,8,73,17,8,158,0,0,0,1,3,IAM User,86.05
84,56,42,83,0,0,3,16,17,12,95,0,0,3,3,0,IAM Role,80.26
16,72,73,10,0,0,3,16,21,0,7,0,0,0,2,6,IAM User,39.7
14,89,49,37,0,2,5,37,22,14,11,0,1,1,0,7,IAM User,71.52
93,93,9,75,0,0,1,36,27,2,130,0,0,3,0,4,IAM User,75.14
53,67,18,58,0,0,7,48,25,14,167,0,1,5,0,9,IAM User,93.62
56,79,76,0,0,0,2,3,33,15,126,1,0,3,1,2,IAM User,81.12
17,47,9,57,0,1,2,72,31,14,79,1,0,1,2,8,AWS Service Identity,65.94
22,74,60,81,0,2,0,21,24,10,55,0,0,1,2,5,IAM User,80.65
82,32,35,83,0,1,3,71,24,14,75,0,0,1,0,3,AWS Service Identity,71.51
30,71,37,38,0,1,5,57,31,13,58,0,0,2,2,3,Unknown,76.1
59,8,96,23,0,0,6,20,18,10,49,0,0,0,5,4,IAM User,64.58
31,92,61,31,0,1,8,47,33,14,23,0,0,1,1,0,IAM Role,66.94
26,24,62,29,0,1,7,3,23,5,102,0,0,1,1,7,AWS Service Identity,54.14
16,66,35,35,0,2,2,70,20,13,39,0,0,4,2,4,IAM Role,74.53
93,1,38,30,0,0,7,30,24,14,26,0,0,2,2,7,IAM User,69.57
94,15,69,46,0,1,1,38,28,10,49,0,0,1,2,5,IAM User,66.74
11,99,3,4,0,1,1,15,25,1,144,1,0,2,5,10,IAM User,68.45
35,84,23,27,0,0,3,36,27,3,103,0,0,2,4,0,IAM Role,63.71
56,22,60,31,1,1,4,39,20,2,88,0,0,0,2,5,Unknown,74.21
38,13,62,15,0,1,1,22,21,8,107,0,0,4,2,5,Unknown,63.89
72,82,9,88,0,0,8,98,21,6,102,1,1,2,1,2,IAM User,90.29
26,100,79,68,0,0,2,28,22,13,90,0,0,2,1,7,IAM Role,81.37
5,17,54,92,0,3,3,18,23,4,152,0,0,0,1,3,IAM User,62.51
34,67,24,56,0,1,5,55,25,2,132,0,1,0,1,8,AWS Service Identity,66.12
60,28,75,11,0,1,3,32,25,9,33,0,0,3,1,10,IAM User,67.61
18,75,100,91,1,1,3,45,23,2,147,0,0,3,3,9,AWS Service Identity,94.87
82,42,42,46,0,0,8,73,25,14,31,1,0,4,1,6,AWS Service Identity,79.75
1,12,28,69,0,1,3,7,24,1,14,0,0,1,1,7,IAM User,34.88
6,32,30,38,0,0,1,51,28,7,76,0,0,4,0,9,IAM User,53.34
51,54,59,49,0,2,6,2,25,15,71,0,0,3,1,10,AWS Service Identity,77.46
51,80,4,49,0,1,6,4,22,8,142,0,0,0,3,7,IAM User,79.5
29,2,48,28,0,0,1,9,18,12,125,0,1,2,1,10,IAM Role,66.56
26,96,2,56,0,0,7,16,17,6,10,0,1,2,0,10,AWS Service Identity,54.67
7,65,3,74,0,1,3,35,31,12,90,1,0,2,0,1,IAM Role,60.21
66,88,43,2,0,0,1,94,22,11,143,0,1,0,1,5,IAM User,86.15
38,93,75,13,0,1,1,91,15,8,132,0,0,1,0,3,IAM User,74.3
11,15,89,85,0,2,6,10,27,1,90,1,1,0,2,10,IAM User,81.01
40,9,8,57,0,0,1,100,25,15,111,0,0,2,2,8,Unknown,83.89
94,78,24,98,0,1,4,64,26,0,101,0,0,2,1,9,IAM User,88.78
26,18,42,61,0,0,6,55,30,5,41,1,1,3,1,3,IAM User,68.61
90,14,57,65,0,0,7,80,25,10,102,0,0,3,2,9,IAM User,94.38
26,47,99,90,0,0,4,48,25,12,122,0,0,3,0,0,Unknown,83.59
18,92,69,66,0,0,8,26,21,8,10,1,0,0,3,10,IAM User,72.89
26,80,54,33,0,2,2,53,16,6,125,0,0,2,2,2,AWS Service Identity,69.17
32,52,6,53,0,1,7,73,29,6,45,0,0,1,1,5,IAM Role,54.57
12,19,8,23,1,0,2,68,21,15,1,0,0,2,0,7,AWS Service Identity,42.69
59,33,15,33,0,0,0,17,29,5,136,0,0,0,1,8,Unknown,68.43
33,69,66,68,0,1,6,94,18,13,70,0,0,1,0,2,AWS Service Identity,66.35
72,15,33,15,0,1,6,28,26,0,74,0,0,2,0,6,AWS Service Identity,48.3
49,52,24,67,0,3,8,82,27,10,113,0,0,1,0,5,IAM User,80.58
44,1,67,58,0,0,8,31,36,10,101,1,0,3,0,8,AWS Service Identity,61.94
47,32,82,31,0,1,0,6,19,10,112,0,0,0,0,3,IAM Role,64.33
15,25,44,4,0,2,5,100,19,6,171,0,0,1,1,8,IAM Role,63.53
72,68,89,71,0,2,6,59,32,11,117,0,0,1,1,6,AWS Service Identity,99.06
10,92,74,83,0,1,5,21,19,7,8,0,0,1,3,8,Unknown,79.05
72,14,72,73,0,1,0,0,29,9,40,0,0,1,0,9,IAM Role,69.28
100,80,87,42,0,0,0,13,23,14,81,0,0,0,0,4,IAM User,81.37
77,66,18,66,0,3,6,17,24,10,85,0,0,0,0,4,IAM User,80.03
45,97,76,41,0,0,7,93,24,11,65,1,0,0,5,8,IAM User,93.93
31,92,96,36,0,0,1,17,28,15,33,0,0,2,2,8,IAM User,81.44
88,10,100,33,0,3,0,16,22,3,19,0,0,2,3,9,IAM User,84.8
25,75,58,21,0,1,3,84,21,9,26,1,0,1,3,6,IAM User,82.07
48,59,76,97,0,0,2,88,27,10,172,0,0,4,0,6,IAM User,95.5
77,11,89,67,0,2,8,21,29,11,71,0,1,4,3,0,AWS Service Identity,82.67
93,25,86,17,0,0,8,65,30,2,174,0,0,0,0,5,IAM User,70.08
93,93,90,87,1,2,5,53,23,12,60,0,0,0,0,2,AWS Service Identity,100.0
8,54,84,15,0,1,8,58,25,3,56,0,0,1,2,9,IAM Role,54.9
90,34,38,59,0,2,2,31,31,6,88,1,0,2,0,1,IAM User,82.09
11,32,73,16,0,1,8,75,17,11,171,0,0,1,0,8,IAM User,72.14
59,84,41,36,0,0,4,88,26,4,101,1,0,2,2,9,IAM User,87.94
93,28,80,66,0,0,4,73,31,2,6,0,0,4,0,5,Unknown,78.03
66,16,81,100,0,1,0,91,20,10,49,0,0,0,1,7,IAM User,87.74
95,57,94,100,0,0,1,11,17,4,177,0,0,1,0,6,IAM Role,92.11
34,100,59,90,0,1,1,66,18,13,27,0,0,2,1,7,AWS Service Identity,77.98
31,18,47,23,0,2,4,100,26,14,151,0,0,3,1,7,Unknown,86.13
32,25,16,9,0,0,1,54,16,5,168,0,0,1,1,2,IAM User,50.29
35,47,64,91,0,1,0,95,33,11,38,0,0,2,1,7,IAM User,78.12
68,20,57,93,0,0,5,35,24,3,101,0,0,3,1,9,IAM User,78.45
45,65,52,28,0,3,7,90,33,14,108,0,0,2,0,3,IAM User,90.14
74,25,68,1,0,2,0,94,33,3,143,0,0,0,0,3,IAM User,75.14
42,12,85,65,0,2,5,62,21,14,144,0,1,4,2,3,IAM Role,92.65
31,26,15,7,0,0,8,71,22,12,10,0,0,2,0,10,AWS Service Identity,45.85
19,93,43,4,0,1,3,52,21,5,57,0,0,2,1,9,IAM Role,58.16
55,94,72,94,0,0,1,32,30,13,170,0,0,3,1,3,IAM Role,90.97
90,51,82,50,0,0,0,54,18,10,64,0,0,0,0,10,IAM User,76.96
86,40,78,11,0,1,8,97,28,10,44,0,0,2,1,8,AWS Service Identity,79.25
25,82,80,66,0,0,3,1,16,6,113,0,1,1,2,4,IAM Role,75.24
48,19,86,37,0,0,0,20,23,3,35,0,0,2,0,9,AWS Service Identity,52.74
71,66,97,54,0,0,7,50,29,11,26,1,0,2,1,10,AWS Service Identity,82.83
61,68,61,90,0,1,7,34,19,0,144,0,1,1,1,9,IAM User,89.86
6,71,25,24,0,0,6,63,32,5,21,0,0,0,1,5,IAM User,48.87
59,22,56,65,0,1,0,36,28,2,161,0,0,2,0,2,IAM User,72.27
3,72,71,83,0,0,0,66,30,0,45,0,0,2,1,1,IAM User,55.61
11,61,10,42,0,1,1,10,22,0,19,0,0,3,1,9,AWS Service Identity,50.59
66,88,76,97,0,3,1,33,21,1,134,0,1,1,1,8,IAM User,100.0
10,17,54,45,0,2,4,69,27,15,31,0,0,2,2,7,AWS Service Identity,61.06
34,61,94,46,0,1,3,47,30,12,66,0,0,2,5,0,IAM Role,77.51
59,83,21,89,0,2,6,72,25,15,63,0,0,0,1,10,IAM User,95.27
66,28,91,64,0,0,0,64,27,1,91,0,0,1,2,1,IAM User,66.08
45,75,45,87,0,2,6,33,18,15,85,0,0,0,2,6,IAM Role,88.86
9,10,57,79,0,0,8,43,24,9,35,1,0,0,2,10,IAM Role,60.96
80,72,66,71,0,1,1,97,30,12,42,1,0,2,1,2,IAM User,95.76
95,61,58,24,0,1,5,97,27,13,35,0,0,1,0,5,IAM User,80.44
89,19,91,40,0,0,4,3,14,4,10,0,0,0,5,9,IAM Role,68.4
75,6,16,87,0,1,0,71,20,11,117,0,0,3,2,2,IAM User,71.3
40,75,73,62,0,2,2,49,27,10,85,0,0,1,4,1,AWS Service Identity,85.74
88,24,98,28,0,1,7,0,22,6,19,0,0,2,3,5,IAM User,78.47
49,50,22,33,0,1,7,64,25,7,59,0,0,0,4,8,IAM User,72.13
13,6,25,78,1,2,3,2,18,3,120,0,0,2,1,6,IAM User,64.87
85,97,47,17,1,1,0,32,28,2,51,0,0,0,1,4,IAM Role,65.54
32,55,73,11,0,1,2,69,26,14,72,0,1,1,1,7,IAM Role,71.87
94,94,96,77,0,1,7,82,27,11,134,0,0,1,0,0,IAM User,100.0
37,16,80,29,0,0,5,41,22,9,121,0,0,0,2,3,Unknown,63.71
87,20,80,77,0,2,3,81,24,11,126,1,0,1,1,9,IAM User,98.35
54,61,44,53,0,1,0,84,17,6,69,0,1,1,3,4,IAM User,76.51
47,61,65,100,0,1,7,45,20,3,87,0,0,1,2,10,IAM User,84.11
29,79,21,53,0,0,4,17,21,15,153,0,0,1,0,6,IAM User,69.34
84,93,46,87,0,2,4,66,19,15,157,0,0,1,2,10,IAM Role,100.0
6,83,19,85,0,0,7,1,29,3,10,0,1,2,0,6,IAM User,61.24
47,14,2,21,0,1,5,90,19,12,151,0,0,0,2,4,IAM Role,64.68
37,31,86,100,0,0,8,39,30,7,161,0,0,0,2,10,IAM User,82.9
54,92,81,75,0,0,5,76,29,11,170,0,0,1,3,2,Unknown,100.0
25,55,51,10,0,0,3,74,24,1,48,1,0,3,1,4,IAM User,49.34
67,87,1,0,1,0,8,47,21,7,90,1,0,0,1,7,AWS Service Identity,60.03
38,56,9,27,0,1,5,98,23,1,7,0,1,0,1,9,IAM User,54.87
19,5,11,1,0,1,6,80,25,13,19,0,1,0,1,2,IAM User,47.87
19,47,72,36,0,1,2,89,18,6,101,0,0,1,4,10,AWS Service Identity,72.89
70,83,20,100,1,1,6,9,24,4,37,1,0,0,3,4,IAM Role,80.28
26,66,25,48,1,2,5,48,22,11,40,0,0,0,0,3,AWS Service Identity,59.16
31,13,86,2,0,1,0,96,34,15,53,0,0,1,1,1,IAM User,56.71
63,21,88,49,0,2,2,82,34,5,83,1,0,2,2,0,IAM Role,76.04
33,86,77,22,0,1,8,45,20,11,27,0,0,2,3,6,AWS Service Identity,76.56
39,98,31,86,0,0,5,7,22,11,145,0,0,1,1,6,IAM Role,75.77
24,76,58,9,0,1,6,28,15,7,120,0,0,1,2,1,IAM User,68.07
34,9,20,77,0,0,1,57,19,12,143,0,0,4,3,9,IAM Role,71.2
